# This file uses centimeters as units for non-parametric coordinates.

mtllib linkLowPoly.mtl
g default
v -0.176270 15.779346 -1.477854
v -0.171757 15.899584 -1.506946
v -0.288766 15.878580 -1.541440
v 0.171548 15.858805 -1.551696
v 0.058420 15.889694 -1.512076
v 0.053906 15.769467 -1.482985
v -0.283610 16.067181 -1.673766
v -0.166606 16.088181 -1.639272
v -0.165968 16.156513 -1.742479
v 0.064213 16.146626 -1.747609
v 0.063577 16.078293 -1.644402
v 0.176702 16.047424 -1.684026
v -0.059609 14.795304 -2.523094
v -0.156522 16.026077 -1.726291
v 0.033692 16.018757 -1.729536
v 0.029540 15.862316 -1.621110
v -0.160674 15.869642 -1.617863
v -0.383449 15.341460 -1.817021
v 0.245968 15.350288 -1.749560
v 0.259697 15.873287 -2.174485
v -0.376673 15.894004 -2.168017
v -0.526006 14.977807 -1.957622
v 0.365478 14.968201 -1.950200
v 0.421216 15.754601 -2.470202
v -0.528648 15.783846 -2.462475
v -0.180361 15.724602 -1.556037
v -0.292856 15.823836 -1.619622
v 0.049816 15.714724 -1.561167
v -0.287700 16.012447 -1.751950
v 0.167458 15.804058 -1.629879
v 0.172610 15.992684 -1.762209
v -0.170058 16.101780 -1.820662
v 0.060122 16.091896 -1.825793
v -0.060364 15.904951 -1.695620
v 0.128340 17.108387 1.006739
v 0.371904 17.687546 1.001283
v 0.041880 17.839775 1.255713
v 0.234106 18.337372 0.131955
v -0.149878 18.582153 0.508445
v 0.635694 17.786930 0.518195
v 0.691926 17.816166 0.956579
v 0.738988 17.100624 0.754963
v 0.369001 17.549831 0.924163
v -0.855276 18.066486 0.311603
v -1.048658 17.494720 0.340442
v -1.084360 16.920361 0.473908
v 0.811761 17.830059 0.293904
v 0.899274 17.326591 0.711479
v 1.033334 17.421303 0.439485
v 0.487986 18.365162 0.021010
v 1.107191 16.728916 0.399507
v -0.356695 18.593750 -0.501160
v -0.810827 18.215237 -0.444718
v -0.914476 18.019032 -0.697438
v -0.329988 18.265823 -0.806283
v 0.687265 18.106590 -0.419332
v 0.997571 17.776314 -0.365235
v 1.188314 17.364342 -0.313279
v 1.094686 16.950619 0.257118
v 1.186616 16.799751 -0.386133
v 1.016199 16.462017 0.021775
v 1.129873 16.424274 -0.242877
v 0.947896 16.034439 0.007545
v 0.981176 16.046856 -0.232579
v 1.039781 15.848576 -0.202186
v 0.912591 15.804153 0.074424
v 0.843561 15.599294 0.157163
v 1.079538 15.631882 -0.286580
v 0.541006 14.755543 0.506704
v 1.019586 15.022061 -0.123956
v 1.189729 16.809063 -0.640951
v 1.264040 17.377148 -0.997973
v 1.095594 17.761574 -0.844830
v 0.809133 18.110325 -0.688666
v 0.753999 18.075390 -1.130076
v 0.941446 17.749271 -1.295478
v 0.492963 18.119976 -1.474617
v 0.011370 18.307182 -1.095363
v -0.003759 18.228966 -1.516008
v 0.615209 17.824772 -1.618694
v -0.034296 17.840347 -1.788122
v 0.772638 17.430176 -1.761043
v 1.099771 17.381504 -1.480846
v -0.057795 17.452576 -2.015375
v -0.814886 18.033470 -1.027760
v -0.481287 18.224255 -1.423989
v -1.197218 17.727726 -0.305525
v -1.164522 17.705811 -0.791120
v -1.006514 17.738831 -1.160883
v -0.707289 17.826714 -1.602640
v -0.811167 17.443047 -1.757267
v -1.246290 17.371284 -1.305583
v -1.307135 17.368305 -0.876484
v -1.231245 17.366684 -0.282607
v -1.232599 16.807350 -0.359190
v -1.055513 17.206947 0.249194
v -1.193579 16.457108 -0.247571
v -1.141588 16.469208 0.031031
v -1.034582 16.036148 -0.228211
v -1.004660 16.042469 -0.008571
v -1.096834 15.827343 -0.203219
v -0.978792 15.860550 0.055804
v -1.132349 15.627383 -0.282209
v -0.930464 15.719569 0.113251
v -1.089342 15.031442 -0.126090
v -0.599874 14.767057 0.501924
v -1.250937 16.809063 -0.640951
v -1.206846 16.773167 -1.173775
v -0.757448 16.735538 -1.664055
v -0.051554 16.733513 -1.962026
v 0.573072 16.729992 -1.738199
v 1.054807 16.843040 -1.345356
v -0.575220 16.520084 -1.728601
v -0.071943 16.444111 -1.931869
v 0.514013 16.520084 -1.728601
v -1.107840 16.495842 -1.170162
v 1.046632 16.495842 -1.170162
v -1.215895 16.516880 -0.641595
v 1.154687 16.516880 -0.641595
v 0.281614 15.955001 -1.477726
v -0.046324 15.908604 -1.521513
v -0.385820 15.951435 -1.472263
v -1.170256 16.285984 -0.723839
v -1.185446 16.309959 -0.592331
v -0.900427 16.070511 -1.381076
v 1.133531 16.318256 -0.603048
v 1.113489 16.268871 -0.729896
v 0.862833 16.061600 -1.355820
v -0.030603 14.988236 -1.406551
v -0.406527 15.342220 -1.217119
v 0.338266 15.316996 -1.215622
v 0.666948 15.151685 -1.023795
v 0.890890 15.586103 -0.741880
v 1.294855 15.409219 -0.514847
v 0.976789 15.761159 -0.294659
v 1.039995 15.198008 -0.817280
v -0.718634 15.157404 -1.027196
v -0.956667 15.606543 -0.723428
v -1.339888 15.404938 -0.520252
v -1.083162 15.190405 -0.828952
v -1.033846 15.748933 -0.292442
v 0.115381 17.075035 0.887626
v 0.036348 17.743591 1.115212
v -0.138586 18.004028 -0.448851
v 0.673570 17.067940 0.657479
v 0.579149 17.695286 0.441051
v 0.335367 17.478558 0.812144
v -0.807882 17.385258 0.268315
v -0.993143 16.903156 0.400567
v 0.942632 17.361069 0.369102
v 0.740095 17.734711 0.236027
v 0.820089 17.274494 0.617730
v 1.010145 16.728161 0.332558
v 0.909940 17.685581 -0.366489
v 1.084299 17.309002 -0.318996
v 0.998712 16.930820 0.202401
v 1.082746 16.792912 -0.385591
v 1.030878 16.449692 -0.254642
v 0.926969 16.484188 -0.012726
v 0.894952 16.104694 -0.245228
v 0.864534 16.093342 -0.025733
v 0.832262 15.882839 0.035402
v 0.948526 15.923446 -0.217447
v 0.769159 15.695578 0.111033
v 0.984865 15.725367 -0.294591
v 0.930063 15.167933 -0.145938
v 0.492597 14.924310 0.430546
v 1.085592 16.801422 -0.618519
v 1.153516 17.320705 -0.944872
v 0.999544 17.672108 -0.804885
v 0.858636 17.660862 -1.216820
v 0.560426 17.729877 -1.512270
v -0.033285 17.744114 -1.667143
v 1.003362 17.324688 -1.386263
v 0.704332 17.369179 -1.642391
v -0.054766 17.389656 -1.874874
v -0.906649 17.643688 -0.322570
v -1.066420 17.621136 -0.755789
v -0.921984 17.651318 -1.093787
v -0.608995 17.688709 -1.446908
v -0.743418 17.380943 -1.638939
v -1.141161 17.315346 -1.226056
v -1.196779 17.312622 -0.833819
v -1.127409 17.311142 -0.290959
v -1.128649 16.799854 -0.360963
v -0.966776 17.165127 0.195157
v -1.092978 16.479702 -0.258933
v -1.045454 16.490765 -0.004265
v -0.947641 16.094902 -0.241236
v -0.920290 16.100681 -0.040464
v -1.004545 15.904037 -0.218391
v -0.896643 15.934391 0.018380
v -1.037008 15.721254 -0.290596
v -0.852468 15.805521 0.070893
v -0.550276 14.934834 0.426176
v -0.997698 15.176507 -0.147887
v -1.145411 16.801422 -0.618519
v -1.105108 16.768608 -1.105572
v -0.694315 16.734215 -1.553733
v -0.049059 16.732361 -1.826109
v 0.521909 16.729141 -1.621509
v 0.962259 16.832481 -1.262413
v -0.067698 16.467819 -1.798542
v -0.527739 16.537266 -1.612735
v 0.467924 16.537266 -1.612735
v -1.014605 16.515110 -1.102269
v 0.954786 16.515110 -1.102269
v -1.113379 16.534340 -0.619108
v 1.053560 16.534340 -0.619108
v 0.255487 16.020729 -1.383411
v -0.044279 15.978318 -1.423437
v -0.354612 16.017467 -1.378418
v -1.071661 16.323277 -0.694287
v -1.085543 16.345196 -0.574076
v -0.825010 16.126316 -1.295065
v 1.015901 16.307636 -0.699824
v 1.034219 16.352779 -0.583872
v 0.786775 16.118172 -1.271978
v -0.029909 15.137013 -1.318351
v -0.373537 15.460588 -1.145192
v 0.307272 15.437531 -1.143823
v 0.607721 15.286421 -0.968475
v 0.812425 15.683521 -0.710778
v 1.181688 15.521832 -0.503248
v 0.890943 15.843538 -0.301976
v 0.948720 15.328764 -0.779702
v -0.658834 15.291649 -0.971584
v -0.876417 15.702204 -0.693912
v -1.226721 15.517919 -0.508189
v -0.992048 15.321815 -0.790370
v -0.946966 15.832362 -0.299949
v 0.055273 18.309589 -0.692809
v 0.142408 18.321651 -0.240854
v 0.113089 18.329914 -0.403678
v -0.401758 18.231876 -1.061561
v 0.400175 18.221962 -0.411504
v 0.432203 18.258648 -0.690737
v 0.382685 18.239975 -1.112720
v -1.094103 17.804928 -0.003947
v -0.825727 18.167088 -0.084103
v -0.286371 18.640625 0.016391
v 0.010622 18.287792 0.894827
v 0.383589 18.200436 0.679844
v 0.301554 18.083076 0.528059
v 0.463018 18.216244 0.544266
v -0.448381 18.097675 0.802403
v -0.829054 17.719177 0.774979
v -0.521242 17.380066 0.864810
v -0.478395 17.323372 0.757889
v -0.073523 17.994274 -0.178972
v -0.073523 15.779499 -0.818146
v -0.073523 15.411407 -0.713040
v -0.073523 16.737095 0.823599
v -0.073523 15.810791 0.955027
v -0.073523 15.739252 0.950100
v -0.073523 15.667688 0.842628
v -0.073523 15.594149 0.898807
v -0.073523 15.509995 0.815599
v -0.073523 15.189062 0.711339
v -0.073523 15.144209 0.462968
v -0.073523 15.143988 0.409598
v -0.073523 15.147429 0.130046
v -0.073523 18.166557 -0.411612
v -0.073523 16.457630 0.894931
v -0.073523 17.004456 0.899850
v -0.073523 17.290230 0.861162
v -0.073523 17.649967 0.710784
v -0.073523 15.987254 0.944684
v -0.073523 18.007206 0.378704
v -0.073523 16.053509 1.145061
v -0.073523 15.335257 0.756369
v -0.073523 16.117313 1.150336
v -0.073523 16.247368 1.015888
v 0.773977 15.796194 -0.162714
v 1.653713 16.936150 -0.752845
v 1.035919 16.628677 -0.365421
v 1.608305 16.923748 -0.833889
v 1.008142 16.678593 -0.485961
v 0.813186 15.803799 -0.295733
v 1.242618 16.209633 -0.469569
v 1.197212 16.191086 -0.543159
v 1.194320 16.232197 -0.475770
v 0.920669 16.007870 -0.235499
v 1.060213 16.593563 -0.409980
v 1.567817 16.845268 -0.727133
v 0.685308 16.478123 0.468661
v 0.854898 16.391232 0.238051
v 0.605968 16.285347 0.553883
v 0.521591 16.456249 0.549906
v 0.028636 16.299389 0.764927
v 0.232114 16.450817 0.671396
v -0.007054 16.753414 0.847007
v 0.223527 16.696182 0.680681
v 0.360975 16.780247 0.665550
v 0.266752 16.895954 0.779829
v 0.719985 16.935013 0.479231
v 0.645441 16.794788 0.505842
v 0.824754 16.671562 0.262970
v 0.751548 16.656319 0.431416
v 0.086378 16.116360 0.890355
v 0.921670 16.684502 -0.060730
v 0.888895 16.956604 0.075558
v 0.846754 17.150429 0.141681
v 0.554752 17.108715 0.610278
v 0.175922 17.024662 0.890056
v 0.120227 17.333256 0.802783
v 0.464309 17.385319 0.556958
v 0.786527 17.449562 0.088696
v 1.020103 17.066715 -0.462477
v 0.083183 17.677055 0.660138
v 0.372280 17.700012 0.469709
v 0.736307 17.681194 0.009332
v 0.626014 16.123268 0.572482
v 0.946023 16.228073 -0.102691
v 0.084871 15.995257 0.894158
v 0.670707 15.623926 0.269112
v 0.639562 15.909197 0.545244
v 0.057205 15.818241 0.929304
v 0.041400 15.743078 0.927405
v 0.019844 15.670259 0.845160
v 0.020429 15.598116 0.879890
v 0.024038 15.536104 0.793120
v 0.439744 15.331945 0.320917
v 0.214200 18.049484 0.204135
v 0.321296 16.443760 0.633094
v 0.313955 16.269829 0.772278
v 0.327568 16.149101 0.803449
v 0.340827 15.986392 0.837789
v 0.218610 15.777414 0.874609
v 0.178285 15.715925 0.871541
v 0.128749 15.655809 0.763638
v 0.136234 15.601107 0.831895
v 0.110128 15.548950 0.763824
v 0.942211 16.525723 -0.075180
v 0.864847 16.189671 0.177810
v 0.669441 15.598862 -0.086200
v 0.415981 15.248772 -0.023893
v 0.675643 15.631626 -0.392045
v 0.483829 15.354404 -0.426633
v -0.018441 15.192389 0.721080
v 0.124109 15.236553 0.691580
v 0.104345 15.166435 0.455192
v 1.038665 17.105366 -1.072666
v 0.980365 16.598106 -0.934300
v 0.821966 16.092548 -0.811067
v -0.025210 17.985023 0.366752
v 0.183448 16.515118 0.674976
v -0.034770 16.462025 0.881444
v -0.042653 16.117996 1.150336
v -0.043358 16.056061 1.150116
v -0.030474 16.250725 1.004734
v 0.758651 16.434677 0.415331
v 0.803670 16.663940 0.330276
v 0.666730 16.864902 0.469279
v 0.314052 16.847603 0.699432
v 0.076055 16.734303 0.748249
v 0.089653 16.499817 0.742971
v 0.170148 16.393272 0.715491
v 0.317626 16.356335 0.677171
v 0.533729 16.374046 0.534416
v 0.054636 16.190189 0.793761
v 0.611520 15.610893 0.462001
v 0.383701 15.357454 0.569555
v 0.317091 15.707462 0.762090
v 0.246000 15.874432 0.807890
v 0.446094 15.774166 0.716999
v 0.501977 15.618881 0.590158
v 0.307796 15.443642 0.651630
v 0.139287 15.312147 0.675984
v -0.004361 15.337353 0.773541
v 0.239780 15.579008 0.735458
v 0.292120 15.635008 0.754743
v 0.795930 15.878231 0.296380
v 0.376218 16.687820 0.668766
v 0.572340 16.690559 0.569399
v 0.359321 16.552204 0.662897
v 0.569992 16.549828 0.566629
v 0.953969 16.220665 -0.453180
v 0.225059 15.662308 0.780297
v 0.214546 15.633604 0.770386
v 0.212675 15.647280 0.741102
v 1.186691 16.231430 -0.487116
v 0.913040 16.007103 -0.246846
v 1.052583 16.592796 -0.421327
v 1.560188 16.844501 -0.738480
v 0.205152 15.382906 -0.569836
v -0.921023 15.796194 -0.162714
v -1.800759 16.936150 -0.752845
v -1.182965 16.628677 -0.365421
v -1.755351 16.923748 -0.833889
v -1.155188 16.678593 -0.485961
v -0.960232 15.803799 -0.295733
v -1.389664 16.209633 -0.469569
v -1.344258 16.191086 -0.543159
v -1.341366 16.232197 -0.475770
v -1.067715 16.007870 -0.235499
v -1.207259 16.593563 -0.409980
v -1.714863 16.845268 -0.727133
v -0.832354 16.478123 0.468661
v -1.001944 16.391232 0.238051
v -0.753014 16.285347 0.553883
v -0.668637 16.456249 0.549906
v -0.175683 16.299389 0.764927
v -0.379160 16.450817 0.671396
v -0.139992 16.753414 0.847007
v -0.370574 16.696182 0.680681
v -0.508021 16.780247 0.665550
v -0.413798 16.895954 0.779829
v -0.867032 16.935013 0.479231
v -0.792487 16.794788 0.505842
v -0.971800 16.671562 0.262970
v -0.898594 16.656319 0.431416
v -0.233424 16.116360 0.890355
v -1.068717 16.684502 -0.060730
v -1.035941 16.956604 0.075558
v -0.993800 17.150429 0.141681
v -0.701798 17.108715 0.610278
v -0.322968 17.024662 0.890056
v -0.267273 17.333256 0.802783
v -0.611355 17.385319 0.556958
v -0.933573 17.449562 0.088696
v -1.167149 17.066715 -0.462477
v -0.230229 17.677055 0.660138
v -0.519326 17.700012 0.469709
v -0.883353 17.681194 0.009332
v -0.773060 16.123268 0.572482
v -0.992579 16.228073 -0.102691
v -0.231917 15.995257 0.894158
v -0.817753 15.623926 0.269112
v -0.786608 15.909197 0.545244
v -0.204251 15.818241 0.929304
v -0.188447 15.743078 0.927405
v -0.166890 15.670259 0.845160
v -0.167475 15.598116 0.879890
v -0.171084 15.536104 0.793120
v -0.586791 15.331945 0.320917
v -0.361247 18.049484 0.204135
v -0.468342 16.443760 0.633094
v -0.461001 16.269829 0.772278
v -0.474614 16.149101 0.803449
v -0.487874 15.986392 0.837789
v -0.365656 15.777414 0.874609
v -0.325331 15.715925 0.871541
v -0.275795 15.655809 0.763638
v -0.283280 15.601107 0.831895
v -0.257174 15.548950 0.763824
v -1.089257 16.525723 -0.075180
v -1.011893 16.189671 0.177810
v -0.816487 15.598862 -0.086200
v -0.563027 15.248772 -0.023893
v -0.822690 15.631626 -0.392045
v -0.630875 15.354404 -0.426633
v -0.128605 15.192389 0.721080
v -0.271155 15.236553 0.691580
v -0.251391 15.166435 0.455192
v -1.185711 17.105366 -1.072666
v -1.127411 16.598106 -0.934300
v -0.969012 16.092548 -0.811067
v -0.121836 17.985023 0.366752
v -0.330494 16.515118 0.674976
v -0.112277 16.462025 0.881444
v -0.104393 16.117996 1.150336
v -0.103688 16.056061 1.150116
v -0.116572 16.250725 1.004734
v -0.905697 16.434677 0.415331
v -0.950716 16.663940 0.330276
v -0.813776 16.864902 0.469279
v -0.461098 16.847603 0.699432
v -0.223101 16.734303 0.748249
v -0.236699 16.499817 0.742971
v -0.317194 16.393272 0.715491
v -0.464673 16.356335 0.677171
v -0.680775 16.374046 0.534416
v -0.201682 16.190189 0.793761
v -0.758566 15.610893 0.462001
v -0.530747 15.357454 0.569555
v -0.464137 15.707462 0.762090
v -0.393046 15.874432 0.807890
v -0.593140 15.774166 0.716999
v -0.649024 15.618881 0.590158
v -0.454842 15.443642 0.651630
v -0.286334 15.312147 0.675984
v -0.142685 15.337353 0.773541
v -0.386826 15.579008 0.735458
v -0.439166 15.635008 0.754743
v -0.942976 15.878231 0.296380
v -0.523264 16.687820 0.668766
v -0.719386 16.690559 0.569399
v -0.506367 16.552204 0.662897
v -0.717038 16.549828 0.566629
v -1.101016 16.220665 -0.453180
v -0.372105 15.662308 0.780297
v -0.361592 15.633604 0.770386
v -0.359721 15.647280 0.741102
v -1.333737 16.231430 -0.487116
v -1.060086 16.007103 -0.246846
v -1.199629 16.592796 -0.421327
v -1.707234 16.844501 -0.738480
v -0.352198 15.382906 -0.569836
v -0.507911 14.664861 0.263527
v -0.282764 14.670612 0.303683
v -0.003879 14.679246 0.326464
v -0.918307 14.784951 -0.413273
v -0.736835 14.701753 0.123726
v -0.584511 14.610236 -1.242198
v -0.791765 14.665665 -1.022650
v -0.916647 14.730331 -0.723611
v -0.001932 14.602928 -1.469130
v -0.311360 14.582055 -1.392665
v 0.593175 14.609843 -1.240368
v 0.802543 14.665894 -1.019155
v 0.308629 14.580326 -1.396537
v 0.917229 14.728435 -0.727841
v 0.920686 14.784901 -0.415015
v 0.749407 14.698431 0.126263
v 0.518489 14.654454 0.282903
v 0.286507 14.663775 0.314883
v 6.369638 12.580032 -0.794837
v 6.319818 12.369773 -0.760207
v 6.286229 12.273296 -0.662185
v 6.279149 12.240800 -0.524569
v 6.300828 12.282600 -0.391050
v 6.344382 12.385427 -0.304020
v 6.395986 12.516633 -0.291112
v 6.439252 12.634561 -0.356421
v 6.438395 12.740185 -0.535169
v 6.417091 12.700274 -0.693238
v 4.712624 13.528003 -0.124955
v 4.646780 13.180237 0.123792
v 4.540224 12.671342 0.053151
v 4.472725 12.347865 -0.461677
v 4.542677 12.613127 -1.021264
v 4.660694 13.150403 -1.110600
v 4.726332 13.514984 -0.858640
v 4.748449 13.664353 -0.491750
v 3.588512 13.825201 0.034308
v 3.495897 13.460187 0.222060
v 3.358686 12.952351 0.100989
v 3.284937 12.687206 -0.472695
v 3.358484 12.898771 -1.103423
v 3.485075 13.426313 -1.257802
v 3.570719 13.854013 -0.979951
v 3.637989 14.022313 -0.419271
v 1.842182 14.360359 0.254461
v 1.747843 13.686456 0.547320
v 1.692938 12.999816 0.274698
v 1.709631 12.702663 -0.403708
v 1.788143 12.969067 -1.090495
v 1.882483 13.642970 -1.383354
v 1.937387 14.329610 -1.110732
v 1.920694 14.626762 -0.432327
v 3.494713 13.537878 0.409972
v 3.624517 13.934563 0.188737
v 3.356941 12.942023 0.238513
v 3.265392 12.598968 -0.523147
v 3.319042 12.875375 -1.276301
v 3.435211 13.432922 -1.448630
v 3.528040 13.907207 -1.058259
v 3.619148 14.117474 -0.378426
v 1.838676 6.387852 0.651039
v 1.697880 7.564721 0.514623
v 2.514746 6.505130 -0.133637
v 2.268661 7.557512 -0.241574
v 2.213808 6.505130 -0.133637
v 1.537739 6.441823 0.651039
v 1.425446 7.564721 0.514623
v 1.996227 7.557512 -0.241574
v 0.000000 9.409058 -1.744561
v 0.000000 9.486364 1.118309
v 0.000000 6.388831 1.322410
v 0.000000 6.520031 -1.978615
v 0.000000 8.667048 1.098260
v 0.000000 8.645960 -1.856072
v 0.000000 7.518378 1.212057
v 0.000000 7.509408 -1.932625
v 0.000000 7.513438 1.377662
v 0.000000 6.371388 1.509531
v 0.000000 8.787634 1.256610
v 0.000000 11.338629 1.008983
v 0.000000 10.739091 0.935749
v 0.000000 12.830263 1.197441
v 0.000000 10.215354 0.983280
v 0.000000 7.503645 -2.097588
v 0.000000 6.498158 -2.156067
v 0.000000 8.763180 -2.010872
v 0.000000 11.342369 -1.417328
v 0.000000 10.739354 -1.376238
v 0.000000 13.669796 -1.843684
v 0.000000 12.811539 -1.731961
v 0.000000 10.215341 -1.461688
v 0.000000 14.418109 -1.556599
v 0.000000 14.348407 0.609222
v 0.000000 13.794533 0.992747
v 0.000000 11.930038 -1.575856
v 0.000000 11.927737 1.120910
v 1.500898 9.514360 0.457977
v 1.807560 9.496893 -0.517054
v 0.825203 9.466654 -1.387553
v 0.829117 9.497589 0.862955
v 1.432320 9.478221 -1.011694
v 0.000000 8.734823 0.967496
v 0.000000 8.750069 -1.620299
v 1.672899 8.819643 -1.044522
v 1.918680 8.798254 -0.461997
v 1.386686 8.801427 0.540868
v 0.889753 6.366114 1.098138
v 0.702139 7.504838 0.922410
v 0.849754 6.532352 -1.649035
v 1.560406 6.500459 -1.335312
v 1.697500 7.575478 -1.139689
v 0.760124 7.507363 -1.568097
v 2.213808 6.434210 -0.689991
v 2.048391 7.557512 -0.574578
v 0.974575 7.504838 0.922410
v 1.032558 7.507363 -1.693003
v 2.320827 7.557512 -0.574578
v 0.668913 11.357843 0.774578
v 0.804583 11.341557 -1.229054
v 1.595142 11.341898 -0.490445
v 1.048126 13.806773 0.976111
v 0.921688 12.810476 0.946794
v 0.930792 12.811539 -1.504368
v 0.664307 10.739265 0.806478
v 0.755898 10.739180 -1.224144
v 1.541916 10.739086 -0.489863
v 1.049320 6.366114 1.066833
v 1.150692 6.532352 -1.649035
v 2.514746 6.505130 -0.689991
v 0.894789 8.784759 0.889823
v 0.955627 8.750069 -1.620299
v 2.007561 8.798254 -0.461997
v 0.902042 14.420640 0.538419
v 1.003206 14.377996 -1.270291
v 0.760094 10.215723 0.854318
v 0.789938 10.215339 -1.331915
v 1.614594 10.215339 -0.505188
v 1.930580 6.500459 -1.335312
v 1.819328 7.564534 -1.301621
v 1.589262 8.800285 -1.204724
v 1.323986 10.215339 -0.949357
v 1.349371 10.739086 -0.843417
v 1.462812 11.347714 -0.811768
v 1.552711 8.801427 0.540868
v 1.423140 10.215339 0.362583
v 1.349371 10.739086 0.332353
v 1.328800 11.328651 0.370742
v 1.001278 13.660645 -1.609313
v 0.447010 14.383711 0.530771
v 0.520050 13.800535 0.981073
v 0.855066 11.929550 -1.339179
v 1.584711 12.020185 -0.984101
v 1.656923 11.999388 -0.492302
v 1.427916 12.042641 0.389915
v 0.770023 11.938897 0.843463
v 0.581337 6.508406 -1.902550
v 0.522272 7.505504 -1.832842
v 0.420876 8.756624 -1.815587
v 0.418594 9.466654 -1.566056
v 0.400961 10.215340 -1.396801
v 0.383942 10.739267 -1.291586
v 0.408283 11.341963 -1.314587
v 0.433525 11.929794 -1.436007
v 0.471388 12.811539 -1.618165
v 0.506632 13.665221 -1.696435
v 0.507595 14.398053 -1.379027
v 6.727065 12.433270 0.003514
v 7.302981 12.495564 -0.068719
v 7.229131 12.406968 -1.030098
v 6.706092 12.075383 -0.008730
v 7.171445 12.085326 -0.022823
v 7.108016 12.068352 -1.073218
v 6.628877 12.107786 -0.308388
v 6.668458 12.095451 -0.967744
v 6.579045 12.159727 -0.601659
v 7.394246 12.530182 -0.552057
v 7.373080 12.499001 -0.280227
v 7.332747 12.530181 -0.821811
v 7.141379 12.209137 -1.058594
v 7.290805 12.220749 -0.296421
v 7.247439 12.241767 -0.574415
v 7.247338 12.219959 -0.844120
v 7.182252 12.441080 -0.004926
v 7.177796 12.572940 -0.306033
v 7.144618 12.580295 -0.556835
v 7.135682 12.571895 -0.806601
v 7.404851 12.161263 -0.023162
v 7.406487 12.176476 -0.288861
v 7.476960 12.401932 -0.268418
v 7.477901 12.395110 -0.049893
v 7.806746 12.049480 -0.038092
v 7.805799 12.056347 -0.266091
v 7.860837 12.206360 -0.261673
v 7.859788 12.200410 -0.043179
v 7.777329 11.957238 -0.278804
v 7.750882 11.949574 -0.034697
v 7.373515 12.179918 -0.320998
v 7.372321 12.187173 -0.547837
v 7.524072 12.397307 -0.537574
v 7.525012 12.390492 -0.319206
v 7.870000 12.080844 -0.318346
v 7.779439 12.101432 -0.545693
v 7.887458 12.261765 -0.533598
v 7.888398 12.254955 -0.315231
v 7.754107 11.964627 -0.579537
v 7.750260 11.955591 -0.324617
v 7.420550 12.145851 -0.597664
v 7.418845 12.138861 -0.816315
v 7.525628 12.366741 -0.803615
v 7.526589 12.382986 -0.588670
v 7.770482 12.026634 -0.593938
v 7.683188 12.020957 -0.812640
v 7.850362 12.213244 -0.799285
v 7.851312 12.218016 -0.583954
v 7.638112 11.963632 -0.832505
v 7.638190 11.957171 -0.625042
v 7.356122 12.152255 -0.867645
v 7.354663 12.151731 -1.028281
v 7.426511 12.355002 -1.018973
v 7.427413 12.359029 -0.854695
v 7.287251 12.020127 -1.054436
v 7.604295 12.023931 -0.863805
v 7.602838 12.056974 -1.024488
v 7.683457 12.198517 -1.020286
v 7.684350 12.193216 -0.850305
v 7.471604 11.965188 -0.900876
v 7.471549 11.969745 -1.047176
v 8.315248 12.003453 -0.036742
v 8.236394 12.010248 -0.264739
v 8.316396 12.093101 -0.259325
v 8.324849 12.095443 -0.075260
v 8.236600 11.916509 -0.266304
v 8.240926 11.894863 -0.070504
v 8.257909 12.029983 -0.310398
v 8.221276 12.047508 -0.551589
v 8.309644 12.158731 -0.528790
v 8.310332 12.151124 -0.317796
v 8.126466 11.937069 -0.565318
v 8.126138 11.927894 -0.331659
v 8.182134 11.966620 -0.567984
v 8.184106 11.983253 -0.837613
v 8.256097 12.099067 -0.780497
v 8.249778 12.077248 -0.565435
v 8.051057 11.864146 -0.851006
v 8.049722 11.851579 -0.607387
v 7.883901 11.995666 -0.863117
v 7.882443 11.999448 -1.023800
v 7.969104 12.096618 -1.017719
v 7.969998 12.091315 -0.847737
v 7.745038 11.893252 -0.898117
v 7.744985 11.897809 -1.044416
v 8.482507 12.000427 -0.263150
v 8.612370 11.974510 -0.215403
v 8.656476 12.029141 -0.209160
v 8.550805 12.069173 -0.258735
v 8.673158 12.016842 -0.128345
v 8.560231 12.073915 -0.075596
v 8.628839 11.968514 -0.118176
v 8.491807 11.992277 -0.038651
v 8.407620 11.897018 -0.254411
v 8.507304 11.888667 -0.216602
v 8.517076 11.885845 -0.119257
v 8.408841 11.882514 -0.087157
v 8.659936 11.995776 -0.538224
v 8.777646 11.982805 -0.476915
v 8.828565 12.036736 -0.463957
v 8.691949 12.101460 -0.518241
v 8.829349 12.033296 -0.384460
v 8.692290 12.095453 -0.324865
v 8.778733 11.980322 -0.372618
v 8.675605 12.001433 -0.319386
v 8.511220 11.889034 -0.557333
v 8.658332 11.891389 -0.494699
v 8.658277 11.887894 -0.383920
v 8.512561 11.881961 -0.335139
v 8.483525 11.948322 -0.807822
v 8.607667 11.935942 -0.723806
v 8.664807 11.997588 -0.715227
v 8.578712 12.051099 -0.762410
v 8.650414 12.002733 -0.631199
v 8.569634 12.035211 -0.582145
v 8.594085 11.934987 -0.637253
v 8.481965 11.943198 -0.591993
v 8.330194 11.838570 -0.775469
v 8.481874 11.843346 -0.747108
v 8.472337 11.840377 -0.662589
v 8.341111 11.839896 -0.618519
v 8.058093 11.982189 -1.033311
v 8.244348 11.969828 -0.975811
v 8.304009 12.035833 -0.974918
v 8.140759 12.083369 -1.023580
v 8.303252 12.032330 -0.897472
v 8.141318 12.076437 -0.843970
v 8.244977 11.968193 -0.906381
v 8.062322 11.971986 -0.853925
v 7.935384 11.868546 -0.891099
v 8.124124 11.878281 -0.934238
v 8.123807 11.879853 -0.992826
v 7.934699 11.876099 -1.046857
v 7.129790 12.210125 -0.018430
v 7.268382 12.071873 -0.024263
v 6.626891 12.125333 -0.816565
v 7.105453 12.509199 -1.006812
v 7.105638 12.407948 -1.046614
v 7.043914 12.269876 -1.027403
v 6.997533 12.075533 -1.055092
v 7.005248 12.035633 -0.871703
v 6.975327 12.080294 -0.606824
v 6.977319 12.074125 -0.307571
v 6.983964 12.102992 -0.015122
v 7.102555 12.335264 0.214025
v 7.041112 12.073906 0.217192
v 6.897960 12.380517 0.136901
v 6.877078 12.098344 0.137124
v 7.299047 12.273025 0.063801
v 7.216388 12.063786 0.058133
v 7.279515 12.252392 0.255227
v 7.226068 12.058908 0.249755
v 7.550483 12.183021 0.128977
v 7.469035 12.006711 0.120006
v 7.538405 12.159853 0.287019
v 7.493270 12.002835 0.276203
v 7.745908 12.111257 0.172349
v 7.707351 11.976496 0.179167
v 7.756854 12.104382 0.264628
v 7.717299 11.974126 0.255960
v 6.716578 12.254327 0.002437
v 6.887519 12.247647 0.137012
v 7.037660 12.223485 0.216010
v 7.236512 12.170086 0.256838
v 7.561666 12.078536 0.307166
v 7.752744 12.031595 0.278796
v 7.739936 12.033969 0.169942
v 7.509759 12.094866 0.124491
v 7.112626 12.076219 -0.306174
v 7.117717 12.097367 -0.603054
v 7.117906 12.019100 -0.888121
v 7.312480 12.012601 -0.583647
v 7.312480 12.012894 -0.609357
v 7.296086 11.979854 -0.875237
v 7.296086 11.974665 -0.902954
v 7.295445 12.062912 -0.297954
v 7.297668 12.061641 -0.319453
v 2.096656 0.028904 -0.722223
v 1.165040 0.028904 -0.184353
v 0.903644 0.028904 -0.465288
v 0.723018 0.028904 -1.140449
v 0.961970 0.028904 -1.510876
v 1.480523 0.028904 -1.543899
v 1.881917 0.024514 -1.030094
v 2.719621 0.028904 0.613578
v 2.396403 0.028904 1.077850
v 1.744285 0.028904 1.131495
v 2.532228 0.028904 0.183205
v 1.469836 0.028904 0.751383
v 1.101771 0.028904 -1.342174
v 1.428271 0.028904 -0.731856
v 1.603095 0.028904 -0.405061
v 2.314443 0.028904 -0.269509
v 1.821797 0.028904 0.003754
v 1.317437 0.028904 0.283515
v 2.066888 0.028904 0.461894
v 2.719621 0.028904 0.613578
v 2.717500 0.448802 0.547012
v 2.394284 0.448802 1.079074
v 2.396403 0.028904 1.077850
v 1.743833 0.448802 1.131756
v 1.744285 0.028904 1.131495
v 1.165040 0.028904 -0.184353
v 1.073720 0.448802 -0.131630
v 0.901523 0.448802 -0.464063
v 0.903644 0.028904 -0.465288
v 0.720899 0.448802 -1.139225
v 0.723018 0.028904 -1.140449
v 0.959849 0.448802 -1.600040
v 0.961970 0.028904 -1.510876
v 1.478402 0.448802 -1.576570
v 1.480523 0.028904 -1.543899
v 1.972796 0.448802 -1.082564
v 1.881917 0.024514 -1.030094
v 2.196565 0.448802 -0.779906
v 2.096656 0.028904 -0.722223
v 1.741071 1.044993 -0.732673
v 1.710450 1.796095 -0.714994
v 1.428006 1.796095 -0.329512
v 1.458627 1.044993 -0.347190
v 1.090741 1.796095 -0.357204
v 1.121362 1.044993 -0.374884
v 0.844504 1.796095 -0.633541
v 0.783261 1.044993 -0.598182
v 0.677018 1.796095 -1.073793
v 0.707639 1.044993 -1.091472
v 0.821668 1.796095 -1.379720
v 0.852288 1.044993 -1.397398
v 1.296727 1.796095 -1.431583
v 1.327348 1.044993 -1.449262
v 1.686118 1.796095 -1.119447
v 1.716741 1.044993 -1.137126
v 2.077209 3.015405 -0.526330
v 1.594604 3.029090 -0.054952
v 1.634629 2.429591 -0.183734
v 2.026170 2.464933 -0.707764
v 0.874099 3.040270 0.047818
v 0.986384 2.422033 -0.089502
v 0.337754 3.043986 -0.434902
v 0.461167 2.446686 -0.480267
v 0.299756 3.034219 -1.155440
v 0.366641 2.489109 -1.127124
v 0.782960 3.020554 -1.691750
v 0.758180 2.524451 -1.651153
v 1.502866 3.009355 -1.729588
v 1.406426 2.532009 -1.745386
v 2.039208 3.007230 -1.246869
v 1.931643 2.507356 -1.354621
v 2.549083 0.768070 0.621650
v 2.170503 0.792887 1.080418
v 1.874333 0.768070 1.056411
v 2.581122 0.448802 0.109782
v 2.532228 0.028904 0.183205
v 1.469836 0.028904 0.751383
v 1.469384 0.448802 0.751645
v 1.881932 0.784820 0.580601
v 2.315877 0.750750 0.262921
v 1.641128 0.750750 0.652488
v 1.317437 0.028904 0.283515
v 1.234811 0.448802 0.227982
v 1.378446 0.899456 0.133270
v 1.628243 0.940743 0.024569
v 2.028474 0.897871 -0.234876
v 2.388844 0.448802 -0.335062
v 2.314443 0.028904 -0.269509
v 1.835408 2.296903 -0.660771
v 1.483672 2.305132 -0.280300
v 0.918576 2.359429 -1.509711
v 1.435824 2.335297 -1.530096
v 0.566840 2.367658 -1.129240
v 0.586659 2.355163 -0.611557
v 0.966424 2.329264 -0.259915
v 1.815589 2.309398 -1.178453
v 1.005776 3.633450 0.133974
v 1.746022 3.646197 0.036428
v 0.414325 3.581145 -0.318894
v 0.318130 3.519921 -1.056890
v 0.773541 3.485643 -1.647707
v 1.513787 3.498390 -1.745253
v 2.105241 3.550695 -1.292386
v 2.201434 3.611919 -0.554389
v 1.899362 3.601255 -0.561038
v 1.528472 3.654588 -0.182442
v 0.995884 3.660565 -0.077181
v 0.613582 3.615683 -0.445379
v 0.605512 3.546235 -0.973443
v 0.976402 3.492901 -1.449947
v 1.508990 3.486924 -1.457300
v 1.891293 3.531806 -1.089102
v 1.463948 7.657825 0.380399
v 1.773873 7.704588 -0.174955
v 1.523530 6.900925 0.328333
v 1.849227 6.972055 -0.197480
v -0.000000 7.849488 -1.604911
v 0.000000 9.308839 -1.451210
v 0.000000 9.308839 0.730975
v 0.000000 7.678962 0.633548
v 0.000000 7.638909 0.565998
v 0.000000 7.291224 -1.318782
v 0.000000 8.604742 -1.660395
v 0.000000 8.544600 0.829300
v 0.000000 7.282704 -0.421644
v 1.174376 9.308839 0.377282
v 1.540969 9.307872 -0.162181
v 1.708775 7.782033 -1.098084
v 1.489823 9.308839 -0.800129
v 0.805873 7.824783 -1.449129
v 1.611602 4.722371 0.045117
v 1.031401 4.676603 0.147932
v 0.575492 4.701299 -0.255164
v 0.510942 4.784469 -0.835528
v 0.875563 4.773420 -1.291512
v 1.455765 4.759348 -1.356006
v 1.911674 4.750494 -0.991231
v 1.976223 4.752046 -0.410867
v 0.918139 6.873352 0.470816
v 0.387681 6.905487 0.146556
v 0.242895 6.978505 -0.454498
v 0.568592 7.049635 -0.980258
v 1.173984 7.077209 -1.122740
v 1.704441 7.045074 -0.798481
v 1.614202 5.290050 0.158663
v 1.021953 5.283016 0.245699
v 0.541543 5.285662 -0.111489
v 0.454390 5.296436 -0.703664
v 0.811546 5.309030 -1.183939
v 1.403796 5.316063 -1.270976
v 1.884206 5.313417 -0.913787
v 1.971359 5.302642 -0.321612
v 0.996681 6.043846 0.393823
v 1.596716 6.107595 0.284445
v 1.938933 6.198953 -0.216166
v 1.822864 6.264403 -0.814760
v 1.316502 6.265606 -1.160688
v 0.716467 6.201858 -1.051310
v 0.374250 6.110500 -0.550699
v 0.490318 6.045050 0.047895
v 0.756514 8.521534 0.663817
v 1.275225 8.571255 0.459297
v 1.670077 8.588152 -0.100626
v 1.578657 8.653982 -1.003274
v 0.764988 8.612503 -1.465445
v 0.829001 7.635764 0.585090
v 0.594823 9.308839 0.554128
v -6.369638 12.580032 -0.794837
v -6.319818 12.369773 -0.760207
v -6.286229 12.273296 -0.662185
v -6.279149 12.240800 -0.524569
v -6.300828 12.282600 -0.391050
v -6.344382 12.385427 -0.304020
v -6.395986 12.516633 -0.291112
v -6.439252 12.634561 -0.356421
v -6.438395 12.740185 -0.535169
v -6.417091 12.700274 -0.693238
v -4.712624 13.528003 -0.124955
v -4.646780 13.180237 0.123792
v -4.540224 12.671342 0.053151
v -4.472725 12.347865 -0.461677
v -4.542677 12.613127 -1.021264
v -4.660694 13.150403 -1.110600
v -4.726332 13.514984 -0.858640
v -4.748449 13.664353 -0.491750
v -3.588512 13.825201 0.034308
v -3.495897 13.460187 0.222060
v -3.358686 12.952351 0.100989
v -3.284937 12.687206 -0.472695
v -3.358484 12.898771 -1.103423
v -3.485075 13.426313 -1.257802
v -3.570719 13.854013 -0.979951
v -3.637989 14.022313 -0.419271
v -1.842182 14.360359 0.254461
v -1.747843 13.686456 0.547320
v -1.692938 12.999816 0.274698
v -1.709631 12.702663 -0.403708
v -1.788143 12.969067 -1.090495
v -1.882483 13.642970 -1.383354
v -1.937387 14.329610 -1.110732
v -1.920694 14.626762 -0.432327
v -3.494713 13.537878 0.409972
v -3.624517 13.934563 0.188737
v -3.356941 12.942023 0.238513
v -3.265392 12.598968 -0.523147
v -3.319042 12.875375 -1.276301
v -3.435211 13.432922 -1.448630
v -3.528040 13.907207 -1.058259
v -3.619148 14.117474 -0.378426
v -1.838676 6.387852 0.651039
v -1.697880 7.564721 0.514623
v -2.514746 6.505130 -0.133637
v -2.268661 7.557512 -0.241574
v -2.213808 6.505130 -0.133637
v -1.537739 6.441823 0.651039
v -1.425446 7.564721 0.514623
v -1.996227 7.557512 -0.241574
v -1.500898 9.514360 0.457977
v -1.807560 9.496893 -0.517054
v -0.825203 9.466654 -1.387553
v -0.829117 9.497589 0.862955
v -1.432320 9.478221 -1.011694
v -1.672899 8.819643 -1.044522
v -1.918680 8.798254 -0.461997
v -1.386686 8.801427 0.540868
v -0.889753 6.366114 1.098138
v -0.702139 7.504838 0.922410
v -0.849754 6.532352 -1.649035
v -1.560406 6.500459 -1.335312
v -1.697500 7.575478 -1.139689
v -0.760124 7.507363 -1.568097
v -2.213808 6.434210 -0.689991
v -2.048391 7.557512 -0.574578
v -0.974575 7.504838 0.922410
v -1.032558 7.507363 -1.693003
v -2.320827 7.557512 -0.574578
v -0.668913 11.357843 0.774578
v -0.804583 11.341557 -1.229054
v -1.595142 11.341898 -0.490445
v -1.048126 13.806773 0.976111
v -0.921688 12.810476 0.946794
v -0.930792 12.811539 -1.504368
v -0.664307 10.739265 0.806478
v -0.755898 10.739180 -1.224144
v -1.541916 10.739086 -0.489863
v -1.049320 6.366114 1.066833
v -1.150692 6.532352 -1.649035
v -2.514746 6.505130 -0.689991
v -0.894789 8.784759 0.889823
v -0.955627 8.750069 -1.620299
v -2.007561 8.798254 -0.461997
v -0.902042 14.420640 0.538419
v -1.003206 14.377996 -1.270291
v -0.760094 10.215723 0.854318
v -0.789938 10.215339 -1.331915
v -1.614594 10.215339 -0.505188
v -1.930580 6.500459 -1.335312
v -1.819328 7.564534 -1.301621
v -1.589262 8.800285 -1.204724
v -1.323986 10.215339 -0.949357
v -1.349371 10.739086 -0.843417
v -1.462812 11.347714 -0.811768
v -1.552711 8.801427 0.540868
v -1.423140 10.215339 0.362583
v -1.349371 10.739086 0.332353
v -1.328800 11.328651 0.370742
v -1.001278 13.660645 -1.609313
v -0.447010 14.383711 0.530771
v -0.520050 13.800535 0.981073
v -0.855066 11.929550 -1.339179
v -1.584711 12.020185 -0.984101
v -1.656923 11.999388 -0.492302
v -1.427916 12.042641 0.389915
v -0.770023 11.938897 0.843463
v -0.581337 6.508406 -1.902550
v -0.522272 7.505504 -1.832842
v -0.420876 8.756624 -1.815587
v -0.418594 9.466654 -1.566056
v -0.400961 10.215340 -1.396801
v -0.383942 10.739267 -1.291586
v -0.408283 11.341963 -1.314587
v -0.433525 11.929794 -1.436007
v -0.471388 12.811539 -1.618165
v -0.506632 13.665221 -1.696435
v -0.507595 14.398053 -1.379027
v -6.727065 12.433270 0.003514
v -7.302981 12.495564 -0.068719
v -7.229131 12.406968 -1.030098
v -6.706092 12.075383 -0.008730
v -7.171445 12.085326 -0.022823
v -7.108016 12.068352 -1.073218
v -6.628877 12.107786 -0.308388
v -6.668458 12.095451 -0.967744
v -6.579045 12.159727 -0.601659
v -7.394246 12.530182 -0.552057
v -7.373080 12.499001 -0.280227
v -7.332747 12.530181 -0.821811
v -7.141379 12.209137 -1.058594
v -7.290805 12.220749 -0.296421
v -7.247439 12.241767 -0.574415
v -7.247338 12.219959 -0.844120
v -7.182252 12.441080 -0.004926
v -7.177796 12.572940 -0.306033
v -7.144618 12.580295 -0.556835
v -7.135682 12.571895 -0.806601
v -7.404851 12.161263 -0.023162
v -7.406487 12.176476 -0.288861
v -7.476960 12.401932 -0.268418
v -7.477901 12.395110 -0.049893
v -7.806746 12.049480 -0.038092
v -7.805799 12.056347 -0.266091
v -7.860837 12.206360 -0.261673
v -7.859788 12.200410 -0.043179
v -7.777329 11.957238 -0.278804
v -7.750882 11.949574 -0.034697
v -7.373515 12.179918 -0.320998
v -7.372321 12.187173 -0.547837
v -7.524072 12.397307 -0.537574
v -7.525012 12.390492 -0.319206
v -7.870000 12.080844 -0.318346
v -7.779439 12.101432 -0.545693
v -7.887458 12.261765 -0.533598
v -7.888398 12.254955 -0.315231
v -7.754107 11.964627 -0.579537
v -7.750260 11.955591 -0.324617
v -7.420550 12.145851 -0.597664
v -7.418845 12.138861 -0.816315
v -7.525628 12.366741 -0.803615
v -7.526589 12.382986 -0.588670
v -7.770482 12.026634 -0.593938
v -7.683188 12.020957 -0.812640
v -7.850362 12.213244 -0.799285
v -7.851312 12.218016 -0.583954
v -7.638112 11.963632 -0.832505
v -7.638190 11.957171 -0.625042
v -7.356122 12.152255 -0.867645
v -7.354663 12.151731 -1.028281
v -7.426511 12.355002 -1.018973
v -7.427413 12.359029 -0.854695
v -7.287251 12.020127 -1.054436
v -7.604295 12.023931 -0.863805
v -7.602838 12.056974 -1.024488
v -7.683457 12.198517 -1.020286
v -7.684350 12.193216 -0.850305
v -7.471604 11.965188 -0.900876
v -7.471549 11.969745 -1.047176
v -8.315248 12.003453 -0.036742
v -8.236394 12.010248 -0.264739
v -8.316396 12.093101 -0.259325
v -8.324849 12.095443 -0.075260
v -8.236600 11.916509 -0.266304
v -8.240926 11.894863 -0.070504
v -8.257909 12.029983 -0.310398
v -8.221276 12.047508 -0.551589
v -8.309644 12.158731 -0.528790
v -8.310332 12.151124 -0.317796
v -8.126466 11.937069 -0.565318
v -8.126138 11.927894 -0.331659
v -8.182134 11.966620 -0.567984
v -8.184106 11.983253 -0.837613
v -8.256097 12.099067 -0.780497
v -8.249778 12.077248 -0.565435
v -8.051057 11.864146 -0.851006
v -8.049722 11.851579 -0.607387
v -7.883901 11.995666 -0.863117
v -7.882443 11.999448 -1.023800
v -7.969104 12.096618 -1.017719
v -7.969998 12.091315 -0.847737
v -7.745038 11.893252 -0.898117
v -7.744985 11.897809 -1.044416
v -8.482507 12.000427 -0.263150
v -8.612370 11.974510 -0.215403
v -8.656476 12.029141 -0.209160
v -8.550805 12.069173 -0.258735
v -8.673158 12.016842 -0.128345
v -8.560231 12.073915 -0.075596
v -8.628839 11.968514 -0.118176
v -8.491807 11.992277 -0.038651
v -8.407620 11.897018 -0.254411
v -8.507304 11.888667 -0.216602
v -8.517076 11.885845 -0.119257
v -8.408841 11.882514 -0.087157
v -8.659936 11.995776 -0.538224
v -8.777646 11.982805 -0.476915
v -8.828565 12.036736 -0.463957
v -8.691949 12.101460 -0.518241
v -8.829349 12.033296 -0.384460
v -8.692290 12.095453 -0.324865
v -8.778733 11.980322 -0.372618
v -8.675605 12.001433 -0.319386
v -8.511220 11.889034 -0.557333
v -8.658332 11.891389 -0.494699
v -8.658277 11.887894 -0.383920
v -8.512561 11.881961 -0.335139
v -8.483525 11.948322 -0.807822
v -8.607667 11.935942 -0.723806
v -8.664807 11.997588 -0.715227
v -8.578712 12.051099 -0.762410
v -8.650414 12.002733 -0.631199
v -8.569634 12.035211 -0.582145
v -8.594085 11.934987 -0.637253
v -8.481965 11.943198 -0.591993
v -8.330194 11.838570 -0.775469
v -8.481874 11.843346 -0.747108
v -8.472337 11.840377 -0.662589
v -8.341111 11.839896 -0.618519
v -8.058093 11.982189 -1.033311
v -8.244348 11.969828 -0.975811
v -8.304009 12.035833 -0.974918
v -8.140759 12.083369 -1.023580
v -8.303252 12.032330 -0.897472
v -8.141318 12.076437 -0.843970
v -8.244977 11.968193 -0.906381
v -8.062322 11.971986 -0.853925
v -7.935384 11.868546 -0.891099
v -8.124124 11.878281 -0.934238
v -8.123807 11.879853 -0.992826
v -7.934699 11.876099 -1.046857
v -7.129790 12.210125 -0.018430
v -7.268382 12.071873 -0.024263
v -6.626891 12.125333 -0.816565
v -7.105453 12.509199 -1.006812
v -7.105638 12.407948 -1.046614
v -7.043914 12.269876 -1.027403
v -6.997533 12.075533 -1.055092
v -7.005248 12.035633 -0.871703
v -6.975327 12.080294 -0.606824
v -6.977319 12.074125 -0.307571
v -6.983964 12.102992 -0.015122
v -7.102555 12.335264 0.214025
v -7.041112 12.073906 0.217192
v -6.897960 12.380517 0.136901
v -6.877078 12.098344 0.137124
v -7.299047 12.273025 0.063801
v -7.216388 12.063786 0.058133
v -7.279515 12.252392 0.255227
v -7.226068 12.058908 0.249755
v -7.550483 12.183021 0.128977
v -7.469035 12.006711 0.120006
v -7.538405 12.159853 0.287019
v -7.493270 12.002835 0.276203
v -7.745908 12.111257 0.172349
v -7.707351 11.976496 0.179167
v -7.756854 12.104382 0.264628
v -7.717299 11.974126 0.255960
v -6.716578 12.254327 0.002437
v -6.887519 12.247647 0.137012
v -7.037660 12.223485 0.216010
v -7.236512 12.170086 0.256838
v -7.561666 12.078536 0.307166
v -7.752744 12.031595 0.278796
v -7.739936 12.033969 0.169942
v -7.509759 12.094866 0.124491
v -7.112626 12.076219 -0.306174
v -7.117717 12.097367 -0.603054
v -7.117906 12.019100 -0.888121
v -7.312480 12.012601 -0.583647
v -7.312480 12.012894 -0.609357
v -7.296086 11.979854 -0.875237
v -7.296086 11.974665 -0.902954
v -7.295445 12.062912 -0.297954
v -7.297668 12.061641 -0.319453
v -2.096656 0.028904 -0.722223
v -1.165040 0.028904 -0.184353
v -0.903644 0.028904 -0.465288
v -0.723018 0.028904 -1.140449
v -0.961970 0.028904 -1.510876
v -1.480523 0.028904 -1.543899
v -1.881917 0.024514 -1.030094
v -2.719621 0.028904 0.613578
v -2.396403 0.028904 1.077850
v -1.744285 0.028904 1.131495
v -2.532228 0.028904 0.183205
v -1.469836 0.028904 0.751383
v -1.101771 0.028904 -1.342174
v -1.428271 0.028904 -0.731856
v -1.603095 0.028904 -0.405061
v -2.314443 0.028904 -0.269509
v -1.821797 0.028904 0.003754
v -1.317437 0.028904 0.283515
v -2.066888 0.028904 0.461894
v -2.719621 0.028904 0.613578
v -2.717500 0.448802 0.547012
v -2.394284 0.448802 1.079074
v -2.396403 0.028904 1.077850
v -1.743833 0.448802 1.131756
v -1.744285 0.028904 1.131495
v -1.165040 0.028904 -0.184353
v -1.073720 0.448802 -0.131630
v -0.901523 0.448802 -0.464063
v -0.903644 0.028904 -0.465288
v -0.720899 0.448802 -1.139225
v -0.723018 0.028904 -1.140449
v -0.959849 0.448802 -1.600040
v -0.961970 0.028904 -1.510876
v -1.478402 0.448802 -1.576570
v -1.480523 0.028904 -1.543899
v -1.972796 0.448802 -1.082564
v -1.881917 0.024514 -1.030094
v -2.196565 0.448802 -0.779906
v -2.096656 0.028904 -0.722223
v -1.741071 1.044993 -0.732673
v -1.710450 1.796095 -0.714994
v -1.428006 1.796095 -0.329512
v -1.458627 1.044993 -0.347190
v -1.090741 1.796095 -0.357204
v -1.121362 1.044993 -0.374884
v -0.844504 1.796095 -0.633541
v -0.783261 1.044993 -0.598182
v -0.677018 1.796095 -1.073793
v -0.707639 1.044993 -1.091472
v -0.821668 1.796095 -1.379720
v -0.852288 1.044993 -1.397398
v -1.296727 1.796095 -1.431583
v -1.327348 1.044993 -1.449262
v -1.686118 1.796095 -1.119447
v -1.716741 1.044993 -1.137126
v -2.077209 3.015405 -0.526330
v -1.594604 3.029090 -0.054952
v -1.634629 2.429591 -0.183734
v -2.026170 2.464933 -0.707764
v -0.874099 3.040270 0.047818
v -0.986384 2.422033 -0.089502
v -0.337754 3.043986 -0.434902
v -0.461167 2.446686 -0.480267
v -0.299756 3.034219 -1.155440
v -0.366641 2.489109 -1.127124
v -0.782960 3.020554 -1.691750
v -0.758180 2.524451 -1.651153
v -1.502866 3.009355 -1.729588
v -1.406426 2.532009 -1.745386
v -2.039208 3.007230 -1.246869
v -1.931643 2.507356 -1.354621
v -2.549083 0.768070 0.621650
v -2.170503 0.792887 1.080418
v -1.874333 0.768070 1.056411
v -2.581122 0.448802 0.109782
v -2.532228 0.028904 0.183205
v -1.469836 0.028904 0.751383
v -1.469384 0.448802 0.751645
v -1.881932 0.784820 0.580601
v -2.315877 0.750750 0.262921
v -1.641128 0.750750 0.652488
v -1.317437 0.028904 0.283515
v -1.234811 0.448802 0.227982
v -1.378446 0.899456 0.133270
v -1.628243 0.940743 0.024569
v -2.028474 0.897871 -0.234876
v -2.388844 0.448802 -0.335062
v -2.314443 0.028904 -0.269509
v -1.835408 2.296903 -0.660771
v -1.483672 2.305132 -0.280300
v -0.918576 2.359429 -1.509711
v -1.435824 2.335297 -1.530096
v -0.566840 2.367658 -1.129240
v -0.586659 2.355163 -0.611557
v -0.966424 2.329264 -0.259915
v -1.815589 2.309398 -1.178453
v -1.005776 3.633450 0.133974
v -1.746022 3.646197 0.036428
v -0.414325 3.581145 -0.318894
v -0.318130 3.519921 -1.056890
v -0.773541 3.485643 -1.647707
v -1.513787 3.498390 -1.745253
v -2.105241 3.550695 -1.292386
v -2.201434 3.611919 -0.554389
v -1.899362 3.601255 -0.561038
v -1.528472 3.654588 -0.182442
v -0.995884 3.660565 -0.077181
v -0.613582 3.615683 -0.445379
v -0.605512 3.546235 -0.973443
v -0.976402 3.492901 -1.449947
v -1.508990 3.486924 -1.457300
v -1.891293 3.531806 -1.089102
v -1.463948 7.657825 0.380399
v -1.773873 7.704588 -0.174955
v -1.523530 6.900925 0.328333
v -1.849227 6.972055 -0.197480
v -1.174376 9.308839 0.377282
v -1.540969 9.307872 -0.162181
v -1.708775 7.782033 -1.098084
v -1.489823 9.308839 -0.800129
v -0.805873 7.824783 -1.449129
v -1.611602 4.722371 0.045117
v -1.031401 4.676603 0.147932
v -0.575492 4.701299 -0.255164
v -0.510942 4.784469 -0.835528
v -0.875563 4.773420 -1.291512
v -1.455765 4.759348 -1.356006
v -1.911674 4.750494 -0.991231
v -1.976223 4.752046 -0.410867
v -0.918139 6.873352 0.470816
v -0.387681 6.905487 0.146556
v -0.242895 6.978505 -0.454498
v -0.568592 7.049635 -0.980258
v -1.173984 7.077209 -1.122740
v -1.704441 7.045074 -0.798481
v -1.614202 5.290050 0.158663
v -1.021953 5.283016 0.245699
v -0.541543 5.285662 -0.111489
v -0.454390 5.296436 -0.703664
v -0.811546 5.309030 -1.183939
v -1.403796 5.316063 -1.270976
v -1.884206 5.313417 -0.913787
v -1.971359 5.302642 -0.321612
v -0.996681 6.043846 0.393823
v -1.596716 6.107595 0.284445
v -1.938933 6.198953 -0.216166
v -1.822864 6.264403 -0.814760
v -1.316502 6.265606 -1.160688
v -0.716467 6.201858 -1.051310
v -0.374250 6.110500 -0.550699
v -0.490318 6.045050 0.047895
v -0.756514 8.521534 0.663817
v -1.275225 8.571255 0.459297
v -1.670077 8.588152 -0.100626
v -1.578657 8.653982 -1.003274
v -0.764988 8.612503 -1.465445
v -0.829001 7.635764 0.585090
v -0.594823 9.308839 0.554128
vt 0.210354 0.076838
vt 0.186704 0.123600
vt 0.206278 0.170430
vt 0.244586 0.078395
vt 0.300740 0.069481
vt 0.263163 0.085900
vt 0.300975 0.144667
vt 0.228909 0.107773
vt 0.224099 0.141787
vt 0.194983 0.111647
vt 0.204970 0.094962
vt 0.243974 0.115987
vt 0.249166 0.146737
vt 0.648682 0.523698
vt 0.635518 0.526188
vt 0.671282 0.530658
vt 0.671637 0.498006
vt 0.633024 0.513025
vt 0.646188 0.510535
vt 0.672145 0.451827
vt 0.671786 0.484478
vt 0.672039 0.461389
vt 0.671890 0.474916
vt 0.671386 0.521095
vt 0.671533 0.507569
vt 0.240778 0.192235
vt 0.265045 0.047342
vt 0.214222 0.061131
vt 0.666300 0.474856
vt 0.666196 0.484415
vt 0.666448 0.461326
vt 0.666572 0.451783
vt 0.666049 0.497946
vt 0.665943 0.507506
vt 0.665693 0.530594
vt 0.665796 0.521035
vt 0.631479 0.505902
vt 0.625915 0.514126
vt 0.645088 0.503426
vt 0.653309 0.508987
vt 0.628396 0.527736
vt 0.636617 0.533297
vt 0.655791 0.522596
vt 0.650226 0.530821
vt 0.671134 0.544185
vt 0.665558 0.544112
vt 0.639726 0.489329
vt 0.647679 0.501992
vt 0.634141 0.502909
vt 0.653846 0.494616
vt 0.652950 0.481270
vt 0.626722 0.496542
vt 0.626003 0.483198
vt 0.645781 0.475094
vt 0.632462 0.475982
vt 0.184416 0.147817
vt 0.165339 0.165916
vt 0.165786 0.149372
vt 0.161782 0.146600
vt 0.119460 0.155685
vt 0.149323 0.133218
vt 0.171205 0.129356
vt 0.123067 0.193700
vt 0.145373 0.189589
vt 0.127013 0.211526
vt 0.146499 0.110462
vt 0.156465 0.112785
vt 0.142054 0.126433
vt 0.155194 0.090358
vt 0.122883 0.118366
vt 0.121361 0.102863
vt 0.112422 0.085855
vt 0.137397 0.091225
vt 0.117301 0.074169
vt 0.126836 0.074621
vt 0.118430 0.061474
vt 0.126098 0.060871
vt 0.128566 0.053627
vt 0.118933 0.054903
vt 0.116078 0.048026
vt 0.131956 0.047153
vt 0.121689 0.028815
vt 0.146758 0.020632
vt 0.102021 0.105162
vt 0.099962 0.086620
vt 0.110800 0.115731
vt 0.100432 0.119480
vt 0.093259 0.127372
vt 0.086806 0.140965
vt 0.091303 0.112176
vt 0.085007 0.119810
vt 0.076107 0.137945
vt 0.105309 0.180282
vt 0.092100 0.176414
vt 0.087630 0.167921
vt 0.084961 0.156096
vt 0.074088 0.156344
vt 0.075439 0.171001
vt 0.081266 0.180698
vt 0.095699 0.190860
vt 0.110303 0.201582
vt 0.079481 0.200277
vt 0.084506 0.216315
vt 0.076785 0.211358
vt 0.075680 0.227547
vt 0.069825 0.223680
vt 0.074435 0.233568
vt 0.066289 0.229626
vt 0.073951 0.238587
vt 0.060581 0.233466
vt 0.071312 0.272597
vt 0.054626 0.252028
vt 0.068161 0.192296
vt 0.060042 0.175136
vt 0.056448 0.154985
vt 0.059528 0.132988
vt 0.066900 0.115099
vt 0.080967 0.101306
vt 0.052907 0.131518
vt 0.051258 0.148084
vt 0.061072 0.114208
vt 0.050611 0.172194
vt 0.074153 0.093709
vt 0.053414 0.189811
vt 0.086173 0.081107
vt 0.037399 0.126193
vt 0.042750 0.114734
vt 0.035725 0.139174
vt 0.043963 0.188840
vt 0.042972 0.184539
vt 0.038280 0.158834
vt 0.073757 0.079371
vt 0.077773 0.076907
vt 0.056560 0.097167
vt 0.016363 0.138168
vt 0.011113 0.117982
vt 0.025623 0.103886
vt 0.027778 0.088662
vt 0.047106 0.077445
vt 0.048557 0.061726
vt 0.066257 0.058912
vt 0.036495 0.069744
vt 0.009368 0.151476
vt 0.019741 0.172366
vt 0.011823 0.185287
vt 0.005802 0.171996
vt 0.024566 0.197334
vt 0.019799 0.326935
vt 0.051964 0.337431
vt 0.034510 0.367121
vt 0.062219 0.377613
vt 0.079207 0.356268
vt 0.109913 0.363531
vt 0.082216 0.390398
vt 0.067480 0.291009
vt 0.115387 0.310693
vt 0.099040 0.338939
vt 0.082434 0.321112
vt 0.051326 0.327231
vt 0.087603 0.347559
vt 0.053607 0.409953
vt 0.042105 0.442099
vt 0.015214 0.426581
vt 0.161532 0.290988
vt 0.138204 0.316111
vt 0.141480 0.284611
vt 0.125445 0.355775
vt 0.151181 0.251734
vt 0.118842 0.415657
vt 0.100491 0.403070
vt 0.124833 0.379385
vt 0.130720 0.386341
vt 0.108975 0.449848
vt 0.090754 0.448420
vt 0.133389 0.427155
vt 0.119850 0.465070
vt 0.179635 0.339059
vt 0.157148 0.357370
vt 0.207711 0.324421
vt 0.204163 0.286683
vt 0.248428 0.318839
vt 0.254849 0.290330
vt 0.239199 0.279053
vt 0.267919 0.267944
vt 0.256302 0.256777
vt 0.262345 0.240874
vt 0.275283 0.258160
vt 0.268215 0.226262
vt 0.286348 0.252973
vt 0.305563 0.232547
vt 0.297163 0.194153
vt 0.262554 0.340933
vt 0.227092 0.359214
vt 0.198870 0.358125
vt 0.170932 0.364436
vt 0.142454 0.371457
vt 0.152853 0.380229
vt 0.139470 0.399920
vt 0.204995 0.381075
vt 0.183039 0.381893
vt 0.164842 0.395901
vt 0.151780 0.413364
vt 0.182863 0.402685
vt 0.199826 0.404079
vt 0.186111 0.435445
vt 0.168151 0.422530
vt 0.227470 0.386057
vt 0.221478 0.406573
vt 0.203327 0.447142
vt 0.142463 0.435736
vt 0.136014 0.462975
vt 0.155783 0.443386
vt 0.080185 0.475273
vt 0.097028 0.486746
vt 0.123608 0.490321
vt 0.143077 0.482669
vt 0.165411 0.465095
vt 0.178694 0.480409
vt 0.155191 0.504158
vt 0.132616 0.512288
vt 0.096406 0.510794
vt 0.051109 0.481901
vt 0.108034 0.548520
vt 0.059329 0.507170
vt 0.088657 0.566399
vt 0.072811 0.558126
vt 0.071990 0.590307
vt 0.058913 0.583204
vt 0.065823 0.601837
vt 0.048754 0.591989
vt 0.065115 0.614340
vt 0.040872 0.598264
vt 0.004793 0.642533
vt 0.049210 0.639813
vt 0.136569 0.550590
vt 0.170529 0.532728
vt 0.202890 0.504125
vt 0.230706 0.466289
vt 0.248924 0.430338
vt 0.257168 0.390248
vt 0.241331 0.473690
vt 0.219727 0.500483
vt 0.257186 0.437615
vt 0.188756 0.539508
vt 0.278005 0.391486
vt 0.163624 0.565286
vt 0.288350 0.358954
vt 0.278693 0.467379
vt 0.269265 0.489406
vt 0.254004 0.508892
vt 0.187472 0.568430
vt 0.181181 0.575433
vt 0.224764 0.533539
vt 0.303699 0.379723
vt 0.305485 0.370162
vt 0.289725 0.425777
vt 0.310821 0.513857
vt 0.284477 0.533083
vt 0.315820 0.482636
vt 0.331992 0.463899
vt 0.334500 0.427520
vt 0.351565 0.407518
vt 0.349239 0.380462
vt 0.345549 0.426956
vt 0.276233 0.556123
vt 0.242825 0.576568
vt 0.232169 0.599944
vt 0.244994 0.585760
vt 0.207284 0.609560
vt 0.013437 0.321971
vt 0.026057 0.368296
vt 0.065692 0.284682
vt 0.111886 0.302002
vt 0.046671 0.318287
vt 0.039424 0.497003
vt 0.009448 0.481543
vt 0.015103 0.479747
vt 0.007311 0.429481
vt 0.134551 0.279903
vt 0.150361 0.246149
vt 0.167427 0.283516
vt 0.205125 0.280132
vt 0.260986 0.292614
vt 0.255515 0.318070
vt 0.235482 0.274025
vt 0.272156 0.272584
vt 0.249599 0.255884
vt 0.274770 0.264804
vt 0.255234 0.242926
vt 0.260214 0.225626
vt 0.287173 0.259830
vt 0.311308 0.236185
vt 0.298229 0.192971
vt 0.267978 0.336649
vt 0.053587 0.510804
vt 0.110568 0.555211
vt 0.093354 0.570899
vt 0.066057 0.556458
vt 0.078170 0.592008
vt 0.054526 0.577998
vt 0.071777 0.598543
vt 0.047892 0.585168
vt 0.072188 0.612036
vt 0.037695 0.591726
vt 0.003917 0.643020
vt 0.054841 0.643809
vt 0.134908 0.557392
vt 0.160179 0.571042
vt 0.291950 0.353328
vt 0.176167 0.580368
vt 0.307800 0.363594
vt 0.313855 0.515852
vt 0.289879 0.539219
vt 0.323967 0.484656
vt 0.337478 0.463904
vt 0.336758 0.428845
vt 0.350545 0.374096
vt 0.355672 0.402068
vt 0.345763 0.426977
vt 0.278549 0.560980
vt 0.245942 0.579110
vt 0.245174 0.586342
vt 0.229149 0.606317
vt 0.202059 0.613521
vt 0.070654 0.446063
vt 0.161456 0.916742
vt 0.193915 0.882486
vt 0.190921 0.924856
vt 0.152343 0.929961
vt 0.197901 0.875113
vt 0.198273 0.872613
vt 0.204603 0.923907
vt 0.195986 0.928345
vt 0.157522 0.913879
vt 0.121955 0.977809
vt 0.116851 0.962726
vt 0.151639 0.910741
vt 0.160578 0.916294
vt 0.140165 0.958448
vt 0.191752 0.925389
vt 0.193944 0.882184
vt 0.530000 0.807588
vt 0.533797 0.799494
vt 0.561169 0.805984
vt 0.547621 0.810920
vt 0.501188 0.811032
vt 0.491893 0.806045
vt 0.509451 0.799513
vt 0.512161 0.807428
vt 0.491478 0.833217
vt 0.481257 0.835023
vt 0.479436 0.815053
vt 0.493653 0.818223
vt 0.508882 0.842544
vt 0.502580 0.846658
vt 0.539712 0.845364
vt 0.542209 0.851672
vt 0.554662 0.829635
vt 0.559711 0.830168
vt 0.508782 0.790799
vt 0.493077 0.798395
vt 0.533296 0.786791
vt 0.563982 0.788349
vt 0.566479 0.873351
vt 0.525759 0.863920
vt 0.573320 0.854896
vt 0.492641 0.855047
vt 0.558998 0.903824
vt 0.519454 0.885635
vt 0.489312 0.876853
vt 0.474801 0.872604
vt 0.475277 0.852688
vt 0.475731 0.833753
vt 0.476201 0.814499
vt 0.615785 0.856731
vt 0.583543 0.829792
vt 0.510195 0.910201
vt 0.486026 0.902271
vt 0.552053 0.926986
vt 0.489840 0.781603
vt 0.486240 0.770262
vt 0.496919 0.766291
vt 0.501547 0.772133
vt 0.484799 0.765424
vt 0.477158 0.769789
vt 0.477237 0.765553
vt 0.494056 0.763021
vt 0.493661 0.982836
vt 0.497196 0.944192
vt 0.484036 0.758111
vt 0.477369 0.758250
vt 0.493093 0.755957
vt 0.483284 0.752981
vt 0.477455 0.752766
vt 0.490907 0.751913
vt 0.484789 0.746512
vt 0.491256 0.746847
vt 0.493362 0.731481
vt 0.482359 0.734765
vt 0.477628 0.932567
vt 0.473335 0.932512
vt 0.474166 0.898819
vt 0.505597 0.759429
vt 0.515117 0.763013
vt 0.583877 0.815466
vt 0.605963 0.820438
vt 0.615674 0.824210
vt 0.582948 0.789163
vt 0.533395 0.770162
vt 0.532199 0.746320
vt 0.545103 0.742314
vt 0.551894 0.764385
vt 0.567051 0.728964
vt 0.524911 0.719084
vt 0.538810 0.696616
vt 0.590788 0.725781
vt 0.589410 0.746940
vt 0.579709 0.746611
vt 0.583045 0.694697
vt 0.492265 0.711197
vt 0.477737 0.707595
vt 0.477424 0.689666
vt 0.511717 0.731023
vt 0.490818 0.727010
vt 0.471807 0.994565
vt 0.650207 0.701498
vt 0.631865 0.767676
vt 0.633620 0.680044
vt 0.608583 0.686259
vt 0.477562 0.745506
vt 0.477696 0.734351
vt 0.491717 0.790460
vt 0.478297 0.791344
vt 0.478385 0.787979
vt 0.476788 0.787855
vt 0.476956 0.779630
vt 0.479493 0.799763
vt 0.546630 0.828752
vt 0.541364 0.814853
vt 0.537130 0.839680
vt 0.513413 0.837953
vt 0.503786 0.831357
vt 0.502369 0.819204
vt 0.506177 0.814692
vt 0.513325 0.813952
vt 0.528655 0.813818
vt 0.507585 0.779551
vt 0.500282 0.749152
vt 0.505994 0.738971
vt 0.521245 0.749677
vt 0.503393 0.754125
vt 0.481293 0.725616
vt 0.663386 0.855166
vt 0.649394 0.814384
vt 0.514729 0.821907
vt 0.530612 0.831665
vt 0.530984 0.821159
vt 0.514960 0.831419
vt 0.607906 0.784067
vt 0.128544 0.910539
vt 0.144325 0.874044
vt 0.498187 0.754723
vt 0.497886 0.752741
vt 0.499092 0.757270
vt 0.482507 0.657785
vt 0.505649 0.656370
vt 0.517318 0.653334
vt 0.581964 0.614720
vt 0.598791 0.606888
vt 0.616848 0.602560
vt 0.635863 0.602603
vt 0.477768 0.710624
vt 0.477759 0.725157
vt 0.476722 0.791285
vt 0.476553 0.799470
vt 0.536136 0.646575
vt 0.551496 0.637010
vt 0.567967 0.624248
vt 0.040723 0.935635
vt 0.023669 0.964062
vt 0.018637 0.913361
vt 0.070927 0.881453
vt 0.078058 0.873006
vt 0.103429 0.931135
vt 0.092745 0.930836
vt 0.078387 0.876334
vt 0.045743 0.937001
vt 0.051599 0.940294
vt 0.030554 0.984049
vt 0.018936 0.986176
vt 0.023393 0.964446
vt 0.041694 0.936024
vt 0.012685 0.910822
vt 0.017626 0.912967
vt 0.071290 0.881211
vt 0.422509 0.806093
vt 0.404571 0.808755
vt 0.391092 0.803376
vt 0.419058 0.797982
vt 0.451328 0.810360
vt 0.440471 0.806467
vt 0.443559 0.798690
vt 0.460887 0.805646
vt 0.460002 0.832727
vt 0.458548 0.817730
vt 0.472938 0.814967
vt 0.470146 0.834853
vt 0.442117 0.841434
vt 0.448248 0.845745
vt 0.408236 0.849273
vt 0.411023 0.843115
vt 0.396639 0.826959
vt 0.391522 0.827284
vt 0.444616 0.790062
vt 0.460037 0.797990
vt 0.420128 0.785458
vt 0.389075 0.785889
vt 0.382899 0.869786
vt 0.376768 0.851208
vt 0.424196 0.862054
vt 0.457805 0.854446
vt 0.429496 0.883879
vt 0.389028 0.900259
vt 0.460092 0.876300
vt 0.333960 0.851672
vt 0.367459 0.825805
vt 0.462146 0.901785
vt 0.437583 0.908701
vt 0.394886 0.923556
vt 0.463991 0.781328
vt 0.452653 0.771695
vt 0.457512 0.765972
vt 0.468060 0.770104
vt 0.469681 0.765305
vt 0.460500 0.762771
vt 0.448917 0.943131
vt 0.450552 0.981823
vt 0.470705 0.758026
vt 0.461713 0.755757
vt 0.471622 0.752914
vt 0.464031 0.751759
vt 0.463830 0.746713
vt 0.470306 0.746442
vt 0.462081 0.731411
vt 0.473026 0.734742
vt 0.469047 0.932382
vt 0.439375 0.762393
vt 0.449055 0.759011
vt 0.335481 0.819356
vt 0.344797 0.815526
vt 0.367635 0.811629
vt 0.369840 0.785709
vt 0.420740 0.769040
vt 0.402378 0.762769
vt 0.410072 0.741284
vt 0.422855 0.745589
vt 0.388730 0.727413
vt 0.417973 0.696788
vt 0.430974 0.718966
vt 0.375282 0.744081
vt 0.365676 0.743871
vt 0.365367 0.722933
vt 0.375508 0.692988
vt 0.463366 0.711269
vt 0.464692 0.726980
vt 0.443803 0.730848
vt 0.308355 0.691493
vt 0.321849 0.761714
vt 0.327746 0.671442
vt 0.351759 0.680991
vt 0.461749 0.790110
vt 0.475185 0.787934
vt 0.475147 0.791299
vt 0.473600 0.799692
vt 0.410713 0.812865
vt 0.404783 0.826404
vt 0.413871 0.837580
vt 0.437781 0.836718
vt 0.447757 0.830482
vt 0.449756 0.818447
vt 0.446144 0.813851
vt 0.438996 0.812903
vt 0.423576 0.812292
vt 0.446301 0.778938
vt 0.454724 0.748902
vt 0.451455 0.753794
vt 0.433715 0.749111
vt 0.449310 0.738755
vt 0.474228 0.725611
vt 0.286379 0.847780
vt 0.302211 0.807650
vt 0.437215 0.820750
vt 0.420788 0.829879
vt 0.420894 0.819471
vt 0.436535 0.830180
vt 0.345370 0.779777
vt 0.062164 0.958199
vt 0.457015 0.752491
vt 0.456648 0.754456
vt 0.455659 0.756974
vt 0.443597 0.654315
vt 0.459513 0.656830
vt 0.327248 0.594345
vt 0.346049 0.596387
vt 0.362621 0.603910
vt 0.409451 0.638566
vt 0.424930 0.647987
vt 0.377842 0.613310
vt 0.393349 0.625268
vt 0.379488 0.578492
vt 0.377714 0.571687
vt 0.461832 0.526641
vt 0.467408 0.546215
vt 0.380375 0.585147
vt 0.470403 0.570468
vt 0.380377 0.591730
vt 0.470058 0.599863
vt 0.349459 0.528835
vt 0.343745 0.525640
vt 0.384147 0.445536
vt 0.409079 0.462368
vt 0.354982 0.533285
vt 0.429012 0.479383
vt 0.363135 0.539953
vt 0.443310 0.494919
vt 0.372275 0.554422
vt 0.368437 0.547474
vt 0.453886 0.510105
vt 0.375162 0.564647
vt 0.513762 0.510880
vt 0.521933 0.532533
vt 0.530641 0.560431
vt 0.530861 0.591443
vt 0.423207 0.398503
vt 0.450403 0.417322
vt 0.470870 0.440315
vt 0.489326 0.460356
vt 0.504173 0.486089
vt 0.534804 0.555695
vt 0.529516 0.527767
vt 0.611304 0.511646
vt 0.615028 0.551164
vt 0.475875 0.433834
vt 0.458082 0.415743
vt 0.501668 0.356206
vt 0.530617 0.382971
vt 0.491969 0.456379
vt 0.558027 0.411361
vt 0.508989 0.485483
vt 0.581676 0.440871
vt 0.521473 0.509215
vt 0.600721 0.473638
vt 0.613794 0.591008
vt 0.533764 0.595459
vt 0.426589 0.394637
vt 0.473637 0.333712
vt 0.690682 0.537015
vt 0.708470 0.535253
vt 0.515643 0.074767
vt 0.688700 0.555495
vt 0.690682 0.537472
vt 0.689612 0.558973
vt 0.708592 0.557479
vt 0.708470 0.535474
vt 0.688711 0.604038
vt 0.707803 0.604039
vt 0.707579 0.581082
vt 0.688332 0.579011
vt 0.691142 0.488744
vt 0.690603 0.507829
vt 0.708773 0.513530
vt 0.707622 0.487763
vt 0.727219 0.604040
vt 0.728369 0.604036
vt 0.729802 0.515379
vt 0.728626 0.463241
vt 0.729494 0.558640
vt 0.729441 0.530401
vt 0.689483 0.526276
vt 0.708470 0.528163
vt 0.450389 0.130381
vt 0.414247 0.093255
vt 0.688332 0.575094
vt 0.486051 0.097804
vt 0.691142 0.495243
vt 0.805740 0.071701
vt 0.767076 0.076013
vt 0.690603 0.511983
vt 0.513017 0.194717
vt 0.490612 0.171701
vt 0.522554 0.142734
vt 0.542591 0.168356
vt 0.810281 0.127585
vt 0.813677 0.162074
vt 0.781051 0.163821
vt 0.777471 0.131742
vt 0.729441 0.530544
vt 0.753113 0.167829
vt 0.569154 0.144785
vt 0.547554 0.120823
vt 0.572475 0.255802
vt 0.553389 0.236193
vt 0.576856 0.213475
vt 0.597327 0.232590
vt 0.816536 0.220254
vt 0.814098 0.247680
vt 0.777492 0.248089
vt 0.783212 0.220829
vt 0.764840 0.220903
vt 0.761655 0.246190
vt 0.623631 0.207207
vt 0.606191 0.186769
vt 0.648830 0.274546
vt 0.680738 0.304040
vt 0.617987 0.302575
vt 0.664492 0.318999
vt 0.590849 0.274682
vt 0.618300 0.249148
vt 0.812836 0.274763
vt 0.810549 0.315245
vt 0.768056 0.323987
vt 0.775810 0.279785
vt 0.676555 0.198714
vt 0.698265 0.222110
vt 0.689878 0.252566
vt 0.649066 0.228601
vt 0.536613 0.218958
vt 0.562629 0.194093
vt 0.816340 0.195858
vt 0.786176 0.197187
vt 0.762428 0.198923
vt 0.590745 0.168356
vt 0.685148 0.343840
vt 0.668717 0.354765
vt 0.648350 0.333802
vt 0.708470 0.528801
vt 0.690682 0.527144
vt 0.708905 0.282479
vt 0.736264 0.307428
vt 0.699880 0.330717
vt 0.768596 0.359059
vt 0.808628 0.353920
vt 0.809172 0.389908
vt 0.767350 0.394799
vt 0.830884 0.386890
vt 0.842411 0.397472
vt 0.833486 0.401859
vt 0.715903 0.365344
vt 0.705588 0.364751
vt 0.767560 0.430267
vt 0.725250 0.369607
vt 0.822689 0.418616
vt 0.826603 0.409135
vt 0.833482 0.247482
vt 0.832723 0.274385
vt 0.690939 0.463243
vt 0.690737 0.479004
vt 0.707661 0.463244
vt 0.726867 0.463241
vt 0.829032 0.070954
vt 0.834820 0.220146
vt 0.831672 0.314408
vt 0.830291 0.351932
vt 0.834847 0.195829
vt 0.834767 0.126906
vt 0.833926 0.160966
vt 0.695819 0.367654
vt 0.687317 0.373945
vt 0.854797 0.069921
vt 0.690569 0.463243
vt 0.854482 0.125619
vt 0.853945 0.220104
vt 0.854086 0.195471
vt 0.853785 0.247776
vt 0.853624 0.275229
vt 0.853386 0.314467
vt 0.853157 0.350865
vt 0.852931 0.382626
vt 0.852920 0.395844
vt 0.854308 0.156439
vt 0.128254 0.815756
vt 0.128853 0.826017
vt 0.096059 0.834871
vt 0.043279 0.814715
vt 0.053377 0.809359
vt 0.065364 0.837002
vt 0.058749 0.844748
vt 0.073389 0.763178
vt 0.064577 0.769990
vt 0.046706 0.763357
vt 0.179259 0.672445
vt 0.177654 0.636174
vt 0.189163 0.657245
vt 0.097839 0.846964
vt 0.132696 0.838423
vt 0.119674 0.849728
vt 0.096469 0.856624
vt 0.185512 0.631394
vt 0.199666 0.642997
vt 0.193146 0.627015
vt 0.211302 0.637027
vt 0.215746 0.660619
vt 0.202759 0.672437
vt 0.236512 0.643862
vt 0.228878 0.651761
vt 0.219805 0.633232
vt 0.078830 0.824419
vt 0.091034 0.824644
vt 0.095240 0.828446
vt 0.090248 0.773523
vt 0.124835 0.810089
vt 0.092605 0.755853
vt 0.107188 0.783762
vt 0.121101 0.767150
vt 0.133993 0.791696
vt 0.119880 0.796951
vt 0.071780 0.829990
vt 0.062852 0.803864
vt 0.091459 0.733285
vt 0.082753 0.746028
vt 0.085603 0.731238
vt 0.069028 0.751174
vt 0.052397 0.751257
vt 0.044082 0.756695
vt 0.090713 0.718415
vt 0.088501 0.724513
vt 0.064522 0.721516
vt 0.070811 0.714385
vt 0.053074 0.727703
vt 0.043720 0.730671
vt 0.074680 0.709511
vt 0.045168 0.753983
vt 0.140109 0.751203
vt 0.120619 0.750918
vt 0.137019 0.746376
vt 0.104790 0.745249
vt 0.095872 0.731623
vt 0.150742 0.742547
vt 0.146980 0.740179
vt 0.093652 0.724169
vt 0.128347 0.725293
vt 0.137001 0.729355
vt 0.117219 0.720159
vt 0.110770 0.712344
vt 0.145548 0.727912
vt 0.103005 0.709161
vt 0.158714 0.798961
vt 0.147186 0.781465
vt 0.162593 0.791486
vt 0.140451 0.768248
vt 0.148951 0.753608
vt 0.175551 0.801995
vt 0.172973 0.796927
vt 0.153131 0.745920
vt 0.171478 0.774175
vt 0.174281 0.786371
vt 0.167039 0.762555
vt 0.167832 0.751248
vt 0.176042 0.789770
vt 0.164023 0.745961
vt 0.133750 0.827023
vt 0.133694 0.811307
vt 0.144401 0.815128
vt 0.142198 0.828364
vt 0.147562 0.804864
vt 0.162093 0.805055
vt 0.174270 0.806940
vt 0.157465 0.829042
vt 0.152701 0.837603
vt 0.163885 0.821882
vt 0.173903 0.817931
vt 0.140536 0.837434
vt 0.146508 0.841712
vt 0.175941 0.812186
vt 0.048083 0.695774
vt 0.054263 0.694134
vt 0.038454 0.702339
vt 0.031937 0.702873
vt 0.057060 0.688680
vt 0.037930 0.733753
vt 0.025579 0.707012
vt 0.222121 0.717192
vt 0.233566 0.708544
vt 0.251439 0.728694
vt 0.243292 0.736820
vt 0.140261 0.700311
vt 0.146533 0.705148
vt 0.128575 0.694859
vt 0.122107 0.691000
vt 0.152565 0.709931
vt 0.113195 0.691811
vt 0.233254 0.706675
vt 0.244846 0.697320
vt 0.258109 0.714647
vt 0.247602 0.723369
vt 0.195374 0.768308
vt 0.198721 0.775699
vt 0.193195 0.755480
vt 0.192207 0.748555
vt 0.198935 0.784584
vt 0.187959 0.740662
vt 0.244305 0.688742
vt 0.253005 0.680306
vt 0.270918 0.697497
vt 0.260684 0.707406
vt 0.169372 0.842525
vt 0.164721 0.847320
vt 0.176777 0.835448
vt 0.181815 0.831350
vt 0.248524 0.671294
vt 0.254836 0.665531
vt 0.265747 0.677923
vt 0.259435 0.683686
vt 0.157564 0.851505
vt 0.186354 0.824313
vt 0.043682 0.685049
vt 0.036755 0.683201
vt 0.037407 0.678721
vt 0.047408 0.680439
vt 0.041566 0.688098
vt 0.036994 0.685989
vt 0.034298 0.691877
vt 0.034294 0.687063
vt 0.029854 0.692780
vt 0.032181 0.685841
vt 0.023254 0.693358
vt 0.027710 0.683022
vt 0.257783 0.736521
vt 0.260174 0.742290
vt 0.256442 0.746618
vt 0.250727 0.743327
vt 0.152713 0.679717
vt 0.149132 0.674016
vt 0.154106 0.672233
vt 0.158870 0.685247
vt 0.147354 0.681949
vt 0.146474 0.676018
vt 0.139719 0.677183
vt 0.144619 0.674137
vt 0.138221 0.672431
vt 0.143789 0.671902
vt 0.129609 0.670563
vt 0.142756 0.665875
vt 0.272151 0.732415
vt 0.274835 0.741359
vt 0.269855 0.745493
vt 0.262216 0.740771
vt 0.212757 0.765247
vt 0.214668 0.758692
vt 0.219104 0.760446
vt 0.215060 0.773118
vt 0.209241 0.761627
vt 0.211502 0.758671
vt 0.205885 0.755202
vt 0.210025 0.756339
vt 0.208237 0.750949
vt 0.212003 0.754570
vt 0.207083 0.743867
vt 0.216778 0.751181
vt 0.279152 0.712315
vt 0.284142 0.719823
vt 0.280210 0.722862
vt 0.273023 0.719160
vt 0.173580 0.851686
vt 0.182121 0.851232
vt 0.183011 0.855242
vt 0.168097 0.857061
vt 0.174302 0.846728
vt 0.180909 0.849057
vt 0.180593 0.841816
vt 0.181153 0.846936
vt 0.185681 0.841134
vt 0.184460 0.848279
vt 0.191588 0.836278
vt 0.188081 0.851654
vt 0.275978 0.698688
vt 0.266652 0.692272
vt 0.273339 0.686091
vt 0.278487 0.696360
vt 0.241695 0.647842
vt 0.234081 0.656018
vt 0.135462 0.836672
vt 0.190334 0.684306
vt 0.207939 0.678398
vt 0.198051 0.692093
vt 0.036925 0.756483
vt 0.050295 0.799430
vt 0.046574 0.793449
vt 0.050667 0.785734
vt 0.056877 0.794108
vt 0.221051 0.667152
vt 0.012225 0.788013
vt 0.011831 0.782167
vt 0.016193 0.782571
vt 0.015211 0.786241
vt 0.182435 0.695953
vt 0.179561 0.685598
vt 0.043996 0.773042
vt 0.038996 0.790750
vt 0.040448 0.785226
vt 0.196182 0.697485
vt 0.188181 0.705333
vt 0.024297 0.773913
vt 0.026659 0.778456
vt 0.025713 0.787652
vt 0.021690 0.791910
vt 0.203451 0.711233
vt 0.197544 0.718329
vt 0.210114 0.724052
vt 0.207137 0.727458
vt 0.042765 0.804808
vt 0.039620 0.800186
vt 0.035101 0.797326
vt 0.021668 0.797506
vt 0.008825 0.789509
vt 0.008658 0.781609
vt 0.020394 0.769896
vt 0.033040 0.764273
vt 0.241708 0.663617
vt 0.247920 0.656767
vt 0.201973 0.696240
vt 0.214835 0.686622
vt 0.215589 0.686072
vt 0.228507 0.677163
vt 0.230295 0.675437
vt 0.241060 0.664086
vt 0.964136 0.608249
vt 0.948463 0.601832
vt 0.959411 0.583671
vt 0.973825 0.584847
vt 0.951967 0.562814
vt 0.967133 0.556167
vt 0.921767 0.525187
vt 0.907750 0.537341
vt 0.899711 0.527036
vt 0.913975 0.517359
vt 0.891067 0.501630
vt 0.906686 0.494436
vt 0.886571 0.481988
vt 0.902585 0.478237
vt 0.881736 0.461982
vt 0.897939 0.457798
vt 0.893363 0.662129
vt 0.880736 0.651850
vt 0.895056 0.630609
vt 0.907669 0.644073
vt 0.904471 0.622520
vt 0.916200 0.636266
vt 0.878284 0.600089
vt 0.845836 0.596649
vt 0.846572 0.573009
vt 0.882024 0.572696
vt 0.845944 0.555875
vt 0.880493 0.553209
vt 0.844575 0.537569
vt 0.875091 0.533045
vt 0.840965 0.514348
vt 0.869594 0.510546
vt 0.838968 0.498683
vt 0.866590 0.495640
vt 0.837326 0.478420
vt 0.862075 0.475555
vt 0.864576 0.639266
vt 0.841574 0.637359
vt 0.843788 0.615431
vt 0.872167 0.619563
vt 0.792071 0.600157
vt 0.792075 0.577990
vt 0.816921 0.579969
vt 0.814251 0.603502
vt 0.790200 0.555145
vt 0.816062 0.556881
vt 0.789094 0.533054
vt 0.813123 0.534322
vt 0.788534 0.510406
vt 0.809830 0.511883
vt 0.786616 0.486218
vt 0.806378 0.488966
vt 0.782090 0.459177
vt 0.804639 0.463644
vt 0.789989 0.652723
vt 0.791330 0.625453
vt 0.811095 0.627263
vt 0.811706 0.651808
vt 0.940615 0.592263
vt 0.946343 0.577709
vt 0.943076 0.570312
vt 0.974754 0.456218
vt 0.973269 0.460231
vt 0.966155 0.455801
vt 0.962330 0.477872
vt 0.954314 0.472625
vt 0.956507 0.465458
vt 0.966145 0.471720
vt 0.934445 0.608558
vt 0.948030 0.620569
vt 0.951163 0.543519
vt 0.938220 0.553909
vt 0.926265 0.573998
vt 0.925417 0.593922
vt 0.927855 0.564544
vt 0.934658 0.534201
vt 0.919140 0.545222
vt 0.904327 0.561646
vt 0.901551 0.573197
vt 0.902269 0.593835
vt 0.918637 0.614667
vt 0.930781 0.628552
vt 0.823808 0.598433
vt 0.824782 0.575860
vt 0.815796 0.487998
vt 0.816972 0.466527
vt 0.817762 0.510260
vt 0.819989 0.532156
vt 0.822703 0.553784
vt 0.821816 0.642118
vt 0.821855 0.620791
vt 0.766613 0.558842
vt 0.766822 0.580477
vt 0.767828 0.536525
vt 0.769637 0.513563
vt 0.768623 0.489072
vt 0.760360 0.463714
vt 0.769150 0.625102
vt 0.767693 0.652611
vt 0.767939 0.602200
vt 0.762637 0.598834
vt 0.758487 0.574226
vt 0.757025 0.555763
vt 0.758405 0.537324
vt 0.762695 0.515199
vt 0.761144 0.487538
vt 0.751137 0.470020
vt 0.758895 0.642858
vt 0.760545 0.621787
vt 0.980384 0.464661
vt 0.975623 0.476473
vt 0.972519 0.483114
vt 0.966995 0.491224
vt 0.957557 0.485568
vt 0.947895 0.479777
vt 0.961472 0.499334
vt 0.952209 0.494192
vt 0.941475 0.486930
vt 0.956028 0.506711
vt 0.945018 0.505787
vt 0.937733 0.495287
vt 0.822806 0.904792
vt 0.785606 0.905765
vt 0.793715 0.853987
vt 0.829255 0.855659
vt 0.926685 0.912207
vt 0.968798 0.918179
vt 0.959494 0.958916
vt 0.959494 0.958916
vt 0.787481 0.949083
vt 0.826990 0.947804
vt 0.877687 0.908665
vt 0.868331 0.947199
vt 0.808646 0.699802
vt 0.805476 0.728117
vt 0.775444 0.725400
vt 0.779253 0.695410
vt 0.745620 0.718442
vt 0.749659 0.688628
vt 0.716952 0.707699
vt 0.720986 0.680765
vt 0.950571 0.699692
vt 0.954935 0.725191
vt 0.925593 0.724278
vt 0.921516 0.697132
vt 0.895329 0.723978
vt 0.893230 0.696023
vt 0.865057 0.725188
vt 0.864973 0.697362
vt 0.835204 0.727232
vt 0.836889 0.699909
vt 0.761779 0.809984
vt 0.797260 0.811788
vt 0.755703 0.854540
vt 0.724688 0.806287
vt 0.709479 0.861557
vt 0.692559 0.792184
vt 0.708212 0.857298
vt 0.946823 0.818019
vt 0.974673 0.802679
vt 0.988360 0.810390
vt 0.929479 0.869410
vt 0.907882 0.822191
vt 0.929479 0.869410
vt 0.868865 0.819907
vt 0.879334 0.861983
vt 0.832301 0.814777
vt 0.801538 0.769558
vt 0.770215 0.764950
vt 0.738623 0.758484
vt 0.707959 0.749329
vt 0.961903 0.764360
vt 0.932228 0.770867
vt 0.899042 0.774495
vt 0.865474 0.774923
vt 0.833007 0.772907
vt 0.972280 0.876963
vt 0.711337 0.911467
vt 0.709479 0.861557
vt 0.708212 0.857298
vt 0.972851 0.845109
vt 0.754527 0.905784
vt 0.716757 0.955454
vt 0.716757 0.955454
vt 0.752149 0.952396
vt 0.752149 0.952396
vt 0.752149 0.952396
vt 0.826990 0.947804
vt 0.959494 0.958916
vt 0.959494 0.958916
vt 0.379488 0.578492
vt 0.467408 0.546215
vt 0.461832 0.526641
vt 0.377714 0.571687
vt 0.380375 0.585147
vt 0.470403 0.570468
vt 0.380377 0.591730
vt 0.470058 0.599863
vt 0.349459 0.528835
vt 0.409079 0.462368
vt 0.384147 0.445536
vt 0.343745 0.525640
vt 0.354982 0.533285
vt 0.429012 0.479383
vt 0.363135 0.539953
vt 0.443310 0.494919
vt 0.372275 0.554422
vt 0.453886 0.510105
vt 0.368437 0.547474
vt 0.375162 0.564647
vt 0.521933 0.532533
vt 0.513762 0.510880
vt 0.530641 0.560431
vt 0.530861 0.591443
vt 0.450403 0.417322
vt 0.423207 0.398503
vt 0.470870 0.440315
vt 0.489326 0.460356
vt 0.504173 0.486089
vt 0.534804 0.555695
vt 0.615028 0.551164
vt 0.611304 0.511646
vt 0.529516 0.527767
vt 0.475875 0.433834
vt 0.530617 0.382971
vt 0.501668 0.356206
vt 0.458082 0.415743
vt 0.491969 0.456379
vt 0.558027 0.411361
vt 0.508989 0.485483
vt 0.581676 0.440871
vt 0.521473 0.509215
vt 0.600721 0.473638
vt 0.613794 0.591008
vt 0.533764 0.595459
vt 0.473637 0.333712
vt 0.426589 0.394637
vt 0.690681 0.537018
vt 0.688697 0.555498
vt 0.393035 0.194112
vt 0.708469 0.535259
vt 0.690681 0.537475
vt 0.708469 0.535480
vt 0.708588 0.557485
vt 0.689608 0.558976
vt 0.688326 0.579014
vt 0.707573 0.581088
vt 0.691148 0.488748
vt 0.707628 0.487769
vt 0.708776 0.513536
vt 0.690606 0.507833
vt 0.728360 0.604045
vt 0.728636 0.463250
vt 0.729805 0.515387
vt 0.729441 0.530410
vt 0.729491 0.558649
vt 0.708470 0.528169
vt 0.689484 0.526279
vt 0.416862 0.165152
vt 0.688327 0.575098
vt 0.911535 0.028784
vt 0.690606 0.511987
vt 0.942444 0.077007
vt 0.903831 0.072257
vt 0.485864 0.223565
vt 0.460792 0.202848
vt 0.898658 0.128087
vt 0.931419 0.132616
vt 0.927476 0.164655
vt 0.894871 0.162537
vt 0.729441 0.530553
vt 0.438214 0.227248
vt 0.461582 0.249481
vt 0.955366 0.168979
vt 0.548588 0.280006
vt 0.530038 0.259030
vt 0.891351 0.220684
vt 0.924668 0.221642
vt 0.930078 0.248972
vt 0.893475 0.248138
vt 0.943038 0.221925
vt 0.502543 0.287628
vt 0.522495 0.305607
vt 0.494419 0.335281
vt 0.589107 0.332615
vt 0.617686 0.365312
vt 0.633095 0.349510
vt 0.564564 0.301414
vt 0.894423 0.275234
vt 0.931398 0.280694
vt 0.938650 0.325004
vt 0.896238 0.315730
vt 0.952829 0.275552
vt 0.543179 0.331600
vt 0.566002 0.373023
vt 0.964574 0.305775
vt 0.511049 0.244287
vt 0.891825 0.196291
vt 0.921972 0.197964
vt 0.945699 0.199969
vt 0.484559 0.271695
vt 0.657327 0.370865
vt 0.690683 0.527148
vt 0.708470 0.528807
vt 0.595340 0.392826
vt 0.619439 0.420776
vt 0.643801 0.385200
vt 0.937691 0.360110
vt 0.897709 0.354404
vt 0.896752 0.390385
vt 0.938404 0.395925
vt 0.872298 0.401938
vt 0.863386 0.397337
vt 0.875054 0.386996
vt 0.677637 0.391890
vt 0.678040 0.402168
vt 0.882548 0.429133
vt 0.641262 0.448531
vt 0.882659 0.418921
vt 0.879128 0.409401
vt 0.874536 0.274624
vt 0.874092 0.247716
vt 0.883572 0.026393
vt 0.726876 0.463250
vt 0.880549 0.071246
vt 0.873068 0.220366
vt 0.875110 0.314647
vt 0.876024 0.352150
vt 0.873320 0.196049
vt 0.874182 0.127130
vt 0.874636 0.161198
vt 0.680804 0.382233
vt 0.128254 0.815756
vt 0.096059 0.834871
vt 0.128853 0.826017
vt 0.043280 0.814715
vt 0.058749 0.844748
vt 0.065364 0.837002
vt 0.053377 0.809359
vt 0.073389 0.763178
vt 0.046706 0.763357
vt 0.064577 0.769990
vt 0.179463 0.672241
vt 0.189366 0.657041
vt 0.177857 0.635971
vt 0.097839 0.846964
vt 0.096469 0.856624
vt 0.119674 0.849728
vt 0.132696 0.838422
vt 0.199870 0.642793
vt 0.185716 0.631191
vt 0.193350 0.626811
vt 0.211505 0.636823
vt 0.215949 0.660415
vt 0.202962 0.672233
vt 0.236716 0.643659
vt 0.220009 0.633028
vt 0.229081 0.651557
vt 0.078830 0.824419
vt 0.091034 0.824644
vt 0.095240 0.828446
vt 0.090248 0.773523
vt 0.124835 0.810089
vt 0.092605 0.755853
vt 0.107188 0.783762
vt 0.121101 0.767150
vt 0.133993 0.791696
vt 0.119880 0.796951
vt 0.062852 0.803864
vt 0.071780 0.829990
vt 0.091459 0.733285
vt 0.085603 0.731238
vt 0.082753 0.746028
vt 0.069028 0.751174
vt 0.052397 0.751257
vt 0.044082 0.756695
vt 0.090713 0.718415
vt 0.088501 0.724513
vt 0.070811 0.714385
vt 0.064522 0.721516
vt 0.053074 0.727703
vt 0.043720 0.730671
vt 0.074680 0.709511
vt 0.045168 0.753983
vt 0.140109 0.751203
vt 0.137019 0.746376
vt 0.120619 0.750918
vt 0.104790 0.745249
vt 0.095872 0.731623
vt 0.150742 0.742547
vt 0.146980 0.740179
vt 0.093652 0.724169
vt 0.137001 0.729355
vt 0.128347 0.725293
vt 0.117219 0.720159
vt 0.110770 0.712344
vt 0.145548 0.727912
vt 0.103005 0.709161
vt 0.158714 0.798961
vt 0.162593 0.791486
vt 0.147186 0.781465
vt 0.140451 0.768248
vt 0.148951 0.753608
vt 0.175551 0.801995
vt 0.172973 0.796927
vt 0.153131 0.745920
vt 0.174281 0.786371
vt 0.171478 0.774175
vt 0.167039 0.762555
vt 0.167832 0.751248
vt 0.176042 0.789770
vt 0.164023 0.745961
vt 0.133750 0.827023
vt 0.142198 0.828364
vt 0.144401 0.815128
vt 0.133694 0.811307
vt 0.147562 0.804864
vt 0.162093 0.805055
vt 0.174270 0.806940
vt 0.152701 0.837603
vt 0.157465 0.829042
vt 0.163885 0.821882
vt 0.173903 0.817931
vt 0.140536 0.837434
vt 0.146508 0.841712
vt 0.175941 0.812186
vt 0.054263 0.694134
vt 0.048083 0.695774
vt 0.038454 0.702339
vt 0.031937 0.702873
vt 0.057060 0.688680
vt 0.025579 0.707012
vt 0.037930 0.733753
vt 0.222325 0.716988
vt 0.243496 0.736616
vt 0.251642 0.728491
vt 0.233770 0.708340
vt 0.146533 0.705148
vt 0.140261 0.700311
vt 0.128575 0.694859
vt 0.122107 0.691000
vt 0.152565 0.709931
vt 0.113195 0.691811
vt 0.233457 0.706471
vt 0.247806 0.723165
vt 0.258312 0.714443
vt 0.245050 0.697116
vt 0.198721 0.775699
vt 0.195374 0.768308
vt 0.193195 0.755480
vt 0.192207 0.748555
vt 0.198935 0.784584
vt 0.187959 0.740662
vt 0.244509 0.688538
vt 0.260888 0.707202
vt 0.271122 0.697293
vt 0.253209 0.680102
vt 0.164721 0.847320
vt 0.169372 0.842525
vt 0.176777 0.835448
vt 0.181815 0.831350
vt 0.248727 0.671090
vt 0.259639 0.683482
vt 0.265951 0.677719
vt 0.255039 0.665327
vt 0.157564 0.851505
vt 0.186354 0.824313
vt 0.043682 0.685049
vt 0.047408 0.680439
vt 0.037407 0.678721
vt 0.036755 0.683201
vt 0.036994 0.685989
vt 0.041566 0.688098
vt 0.034294 0.687063
vt 0.034298 0.691877
vt 0.032181 0.685841
vt 0.029854 0.692780
vt 0.027710 0.683022
vt 0.023254 0.693358
vt 0.257987 0.736317
vt 0.250930 0.743123
vt 0.256645 0.746415
vt 0.260378 0.742086
vt 0.152713 0.679717
vt 0.158870 0.685247
vt 0.154106 0.672233
vt 0.149132 0.674016
vt 0.146474 0.676018
vt 0.147354 0.681949
vt 0.144619 0.674137
vt 0.139719 0.677183
vt 0.143789 0.671902
vt 0.138221 0.672431
vt 0.142756 0.665875
vt 0.129609 0.670563
vt 0.272355 0.732211
vt 0.262420 0.740568
vt 0.270059 0.745289
vt 0.275039 0.741155
vt 0.212757 0.765247
vt 0.215060 0.773118
vt 0.219104 0.760446
vt 0.214668 0.758692
vt 0.211502 0.758671
vt 0.209241 0.761627
vt 0.210025 0.756339
vt 0.205885 0.755202
vt 0.212003 0.754570
vt 0.208237 0.750949
vt 0.216778 0.751181
vt 0.207083 0.743867
vt 0.279356 0.712111
vt 0.273227 0.718956
vt 0.280414 0.722658
vt 0.284346 0.719619
vt 0.173580 0.851686
vt 0.168097 0.857061
vt 0.183011 0.855242
vt 0.182121 0.851232
vt 0.180909 0.849057
vt 0.174302 0.846728
vt 0.181153 0.846936
vt 0.180593 0.841816
vt 0.184460 0.848279
vt 0.185681 0.841134
vt 0.188081 0.851654
vt 0.191588 0.836278
vt 0.276182 0.698484
vt 0.278691 0.696156
vt 0.273543 0.685887
vt 0.266855 0.692068
vt 0.241899 0.647638
vt 0.234285 0.655815
vt 0.135462 0.836672
vt 0.190538 0.684102
vt 0.198255 0.691889
vt 0.208143 0.678195
vt 0.036925 0.756483
vt 0.050295 0.799430
vt 0.056877 0.794108
vt 0.050667 0.785734
vt 0.046574 0.793449
vt 0.221255 0.666948
vt 0.012225 0.788013
vt 0.015211 0.786241
vt 0.016193 0.782571
vt 0.011831 0.782167
vt 0.179765 0.685395
vt 0.182639 0.695749
vt 0.043996 0.773042
vt 0.040448 0.785226
vt 0.038996 0.790750
vt 0.188385 0.705130
vt 0.196386 0.697281
vt 0.024297 0.773913
vt 0.026659 0.778456
vt 0.025713 0.787652
vt 0.021690 0.791910
vt 0.197748 0.718125
vt 0.203655 0.711029
vt 0.207341 0.727254
vt 0.210318 0.723848
vt 0.042765 0.804808
vt 0.039620 0.800186
vt 0.035101 0.797326
vt 0.021668 0.797506
vt 0.008825 0.789509
vt 0.008658 0.781609
vt 0.020394 0.769896
vt 0.033040 0.764273
vt 0.248124 0.656563
vt 0.241912 0.663413
vt 0.215039 0.686418
vt 0.202176 0.696037
vt 0.228711 0.676960
vt 0.215792 0.685869
vt 0.241264 0.663882
vt 0.230498 0.675234
vt 0.964136 0.608249
vt 0.973825 0.584847
vt 0.959411 0.583671
vt 0.948463 0.601832
vt 0.967133 0.556167
vt 0.951967 0.562814
vt 0.921767 0.525187
vt 0.913975 0.517359
vt 0.899711 0.527036
vt 0.907750 0.537341
vt 0.906686 0.494436
vt 0.891067 0.501630
vt 0.902585 0.478237
vt 0.886571 0.481988
vt 0.897939 0.457798
vt 0.881736 0.461982
vt 0.893363 0.662129
vt 0.907669 0.644073
vt 0.895056 0.630609
vt 0.880736 0.651850
vt 0.916200 0.636266
vt 0.904471 0.622520
vt 0.878284 0.600089
vt 0.882024 0.572696
vt 0.846572 0.573009
vt 0.845836 0.596649
vt 0.880493 0.553209
vt 0.845944 0.555875
vt 0.875091 0.533045
vt 0.844575 0.537569
vt 0.869594 0.510546
vt 0.840965 0.514348
vt 0.866590 0.495640
vt 0.838968 0.498683
vt 0.862075 0.475555
vt 0.837326 0.478420
vt 0.864576 0.639266
vt 0.872167 0.619563
vt 0.843788 0.615431
vt 0.841574 0.637359
vt 0.792071 0.600157
vt 0.814251 0.603502
vt 0.816921 0.579969
vt 0.792075 0.577990
vt 0.816062 0.556881
vt 0.790200 0.555145
vt 0.813123 0.534322
vt 0.789094 0.533054
vt 0.809830 0.511883
vt 0.788534 0.510406
vt 0.806378 0.488966
vt 0.786616 0.486218
vt 0.804639 0.463644
vt 0.782090 0.459177
vt 0.789989 0.652723
vt 0.811706 0.651808
vt 0.811095 0.627263
vt 0.791330 0.625453
vt 0.946343 0.577709
vt 0.940615 0.592263
vt 0.943076 0.570312
vt 0.974754 0.456218
vt 0.966155 0.455801
vt 0.973269 0.460231
vt 0.962330 0.477872
vt 0.966145 0.471720
vt 0.956507 0.465458
vt 0.954314 0.472625
vt 0.934445 0.608558
vt 0.948030 0.620569
vt 0.951163 0.543519
vt 0.938220 0.553909
vt 0.926265 0.573998
vt 0.925417 0.593922
vt 0.927855 0.564544
vt 0.934658 0.534201
vt 0.919140 0.545222
vt 0.904327 0.561646
vt 0.901551 0.573197
vt 0.902269 0.593835
vt 0.918637 0.614667
vt 0.930781 0.628552
vt 0.824782 0.575860
vt 0.823808 0.598433
vt 0.816972 0.466527
vt 0.815796 0.487998
vt 0.817762 0.510260
vt 0.819989 0.532156
vt 0.822703 0.553784
vt 0.821816 0.642118
vt 0.821855 0.620791
vt 0.766613 0.558842
vt 0.766822 0.580477
vt 0.767828 0.536525
vt 0.769637 0.513563
vt 0.768623 0.489072
vt 0.760360 0.463714
vt 0.769150 0.625102
vt 0.767693 0.652611
vt 0.767939 0.602200
vt 0.758487 0.574226
vt 0.762637 0.598834
vt 0.757025 0.555763
vt 0.758405 0.537324
vt 0.762695 0.515199
vt 0.761144 0.487538
vt 0.751137 0.470020
vt 0.760545 0.621787
vt 0.758895 0.642858
vt 0.980384 0.464661
vt 0.972519 0.483114
vt 0.975623 0.476473
vt 0.957557 0.485568
vt 0.966995 0.491224
vt 0.947895 0.479777
vt 0.952209 0.494192
vt 0.961472 0.499334
vt 0.941475 0.486930
vt 0.945018 0.505787
vt 0.956028 0.506711
vt 0.937733 0.495287
vt 0.822806 0.904792
vt 0.829255 0.855659
vt 0.793715 0.853987
vt 0.785606 0.905765
vt 0.926685 0.912207
vt 0.959494 0.958916
vt 0.959494 0.958916
vt 0.968798 0.918179
vt 0.787481 0.949083
vt 0.826990 0.947804
vt 0.868331 0.947199
vt 0.877687 0.908665
vt 0.808646 0.699802
vt 0.779253 0.695410
vt 0.775444 0.725400
vt 0.805476 0.728117
vt 0.749659 0.688628
vt 0.745620 0.718442
vt 0.720986 0.680765
vt 0.716952 0.707699
vt 0.950571 0.699692
vt 0.921516 0.697132
vt 0.925593 0.724278
vt 0.954935 0.725191
vt 0.893230 0.696023
vt 0.895329 0.723978
vt 0.864973 0.697362
vt 0.865057 0.725188
vt 0.836889 0.699909
vt 0.835204 0.727232
vt 0.761779 0.809984
vt 0.755703 0.854540
vt 0.797260 0.811788
vt 0.724688 0.806287
vt 0.709479 0.861557
vt 0.692559 0.792184
vt 0.708212 0.857298
vt 0.946823 0.818019
vt 0.929479 0.869410
vt 0.988360 0.810390
vt 0.974673 0.802679
vt 0.907882 0.822191
vt 0.929479 0.869410
vt 0.868865 0.819907
vt 0.879334 0.861983
vt 0.832301 0.814777
vt 0.770215 0.764950
vt 0.801538 0.769558
vt 0.738623 0.758484
vt 0.707959 0.749329
vt 0.932228 0.770867
vt 0.961903 0.764360
vt 0.899042 0.774495
vt 0.865474 0.774923
vt 0.833007 0.772907
vt 0.972280 0.876963
vt 0.711337 0.911467
vt 0.709479 0.861557
vt 0.708212 0.857298
vt 0.972851 0.845109
vt 0.754527 0.905784
vt 0.716757 0.955454
vt 0.752149 0.952396
vt 0.752149 0.952396
vt 0.716757 0.955454
vt 0.752149 0.952396
vt 0.826990 0.947804
vt 0.959494 0.958916
vt 0.959494 0.958916
vt 0.945936 0.247254
vt 0.512563 0.358274
vt 0.981529 0.081726
vt 0.968907 0.138789
vt 0.406318 0.264653
vt 0.431600 0.284507
vt 0.458655 0.302682
vt 0.364454 0.225939
vt 0.476657 0.316480
vt 0.535351 0.380598
vt 0.654054 0.179945
vt 0.754441 0.274397
vt 0.727939 0.080290
vt 0.585804 0.089946
vt 0.739915 0.137489
vt 0.604973 0.115757
vt 0.622418 0.143298
vt 0.548226 0.047052
vt 0.635731 0.161672
vt 0.742352 0.304473
vt 0.018936 0.986176
vt 0.121955 0.977809
vt 0.195986 0.928345
vt 0.855051 0.024944
vt 0.690745 0.479008
vt 0.691147 0.495247
vt 0.352593 0.158797
vt 0.379304 0.129618
vt 0.949375 0.029550
vt 0.988215 0.033650
vt 0.688417 0.604038
vt 0.325956 0.196735
vt 0.826517 0.026070
vt 0.798528 0.028143
vt 0.481427 0.033389
vt 0.451539 0.059305
vt 0.760682 0.028480
vt 0.721798 0.032142
vt 0.520067 0.007782
vt 0.937583 0.431280
vt 0.682097 0.411540
vt 0.763482 0.330234
vt 0.822402 0.428893
vn 0.031702 0.233933 0.971736
vn 0.031702 0.233933 0.971736
vn 0.031702 0.233933 0.971736
vn 0.031702 0.233933 0.971736
vn -0.325492 0.549025 0.769823
vn -0.325492 0.549025 0.769823
vn -0.325492 0.549025 0.769823
vn -0.325492 0.549025 0.769823
vn 0.405226 0.517622 0.753564
vn 0.405226 0.517622 0.753565
vn 0.405226 0.517622 0.753565
vn 0.405226 0.517622 0.753564
vn 0.048064 0.832712 0.551616
vn 0.048064 0.832712 0.551616
vn 0.048064 0.832712 0.551616
vn 0.048064 0.832712 0.551616
vn 0.042857 0.573044 0.818403
vn 0.042857 0.573044 0.818403
vn 0.042857 0.573044 0.818403
vn 0.042857 0.573044 0.818403
vn -0.313359 0.234414 0.920248
vn -0.313359 0.234414 0.920248
vn -0.313359 0.234414 0.920248
vn 0.372907 0.204973 0.904946
vn 0.372907 0.204973 0.904946
vn 0.372907 0.204973 0.904946
vn -0.297986 0.796774 0.525695
vn -0.297986 0.796774 0.525695
vn -0.297986 0.796774 0.525695
vn 0.388168 0.767324 0.510431
vn 0.388168 0.767324 0.510431
vn 0.388168 0.767324 0.510431
vn 0.028852 0.953997 -0.298426
vn 0.028852 0.953997 -0.298426
vn 0.026932 0.938939 -0.343028
vn 0.026972 0.939264 -0.342135
vn -0.053601 -0.381174 0.922948
vn -0.054658 -0.377040 0.924583
vn -0.073985 -0.299165 0.951329
vn -0.073985 -0.299165 0.951329
vn 0.886999 0.270459 0.374279
vn 0.886999 0.270459 0.374279
vn 0.915381 0.211095 0.342808
vn 0.913415 0.215601 0.345239
vn -0.901496 0.237248 0.361965
vn -0.902161 0.235119 0.361696
vn -0.897617 0.249361 0.363461
vn -0.897617 0.249361 0.363461
vn -0.755963 -0.579438 0.304583
vn 0.731619 -0.574188 0.367482
vn 0.661063 0.305269 -0.685424
vn -0.625514 0.339827 -0.702318
vn -0.006724 -0.632431 -0.774588
vn -0.722106 -0.548363 0.421736
vn -0.722106 -0.548363 0.421736
vn -0.722106 -0.548363 0.421736
vn -0.722106 -0.548363 0.421736
vn -0.022324 -0.818399 0.574216
vn -0.022324 -0.818399 0.574216
vn -0.022324 -0.818399 0.574216
vn -0.022324 -0.818399 0.574216
vn -0.998833 0.042894 0.022219
vn -0.998833 0.042894 0.022219
vn -0.998833 0.042894 0.022219
vn -0.998833 0.042894 0.022219
vn 0.690462 -0.609021 0.390329
vn 0.690462 -0.609021 0.390329
vn 0.690462 -0.609021 0.390329
vn 0.690462 -0.609021 0.390329
vn 0.998832 -0.042889 -0.022237
vn 0.998832 -0.042889 -0.022237
vn 0.998832 -0.042889 -0.022237
vn 0.998832 -0.042889 -0.022237
vn -0.690453 0.609072 -0.390263
vn -0.690453 0.609072 -0.390263
vn -0.690453 0.609072 -0.390263
vn -0.690453 0.609072 -0.390263
vn 0.022354 0.818465 -0.574122
vn 0.022354 0.818465 -0.574122
vn 0.022354 0.818465 -0.574122
vn 0.022354 0.818465 -0.574122
vn 0.722055 0.548430 -0.421736
vn 0.722055 0.548430 -0.421736
vn 0.722055 0.548430 -0.421736
vn 0.722055 0.548430 -0.421736
vn -0.017897 -0.573888 -0.818738
vn -0.017897 -0.573888 -0.818738
vn -0.017897 -0.573888 -0.818738
vn -0.042278 -0.552429 -0.832487
vn -0.042278 -0.552429 -0.832487
vn -0.042278 -0.552429 -0.832487
vn -0.043377 -0.593271 -0.803834
vn -0.043377 -0.593271 -0.803834
vn -0.043377 -0.593271 -0.803834
vn -0.067774 -0.571769 -0.817610
vn -0.067774 -0.571769 -0.817610
vn -0.067774 -0.571769 -0.817610
vn -0.025808 -0.559994 -0.828095
vn -0.025808 -0.559994 -0.828095
vn -0.025808 -0.559994 -0.828095
vn -0.026604 -0.587208 -0.808999
vn -0.026604 -0.587208 -0.808999
vn -0.026604 -0.587208 -0.808999
vn -0.059105 -0.558552 -0.827361
vn -0.059105 -0.558552 -0.827361
vn -0.059105 -0.558552 -0.827361
vn -0.059847 -0.585757 -0.808274
vn -0.059847 -0.585757 -0.808274
vn -0.059847 -0.585757 -0.808274
vn -0.701738 -0.389898 -0.596275
vn -0.965817 -0.026388 -0.257878
vn 0.219519 -0.064504 0.973474
vn -0.152004 -0.806743 -0.571016
vn -0.152004 -0.806743 -0.571016
vn -0.152004 -0.806743 -0.571016
vn -0.152004 -0.806743 -0.571016
vn 0.543626 -0.815960 -0.196671
vn 0.543626 -0.815960 -0.196671
vn 0.543626 -0.815960 -0.196671
vn 0.518867 -0.825246 0.223036
vn 0.725663 -0.594798 -0.345874
vn 0.696549 -0.691999 -0.189625
vn 0.724320 -0.426863 -0.541432
vn -0.623329 -0.560542 -0.545209
vn -0.874872 -0.484333 -0.004540
vn -0.845526 -0.517927 -0.129756
vn -0.623329 -0.560542 -0.545209
vn -0.093431 -0.961551 -0.258246
vn -0.093431 -0.961551 -0.258246
vn -0.093431 -0.961551 -0.258246
vn -0.885325 -0.067878 -0.459992
vn -0.111940 0.045376 -0.992679
vn 0.273110 0.084462 -0.958268
vn -0.290326 -0.956920 -0.003812
vn -0.290326 -0.956920 -0.003812
vn -0.290326 -0.956920 -0.003812
vn -0.863257 -0.474871 -0.171128
vn -0.863257 -0.474871 -0.171128
vn -0.863257 -0.474871 -0.171128
vn -0.863257 -0.474871 -0.171128
vn -0.984979 -0.014332 -0.172078
vn -0.984979 -0.014332 -0.172078
vn -0.984979 -0.014332 -0.172078
vn -0.984979 -0.014332 -0.172078
vn -0.951621 0.175787 -0.252024
vn -0.951621 0.175787 -0.252024
vn -0.951621 0.175787 -0.252024
vn -0.951621 0.175787 -0.252024
vn -0.925956 0.250987 -0.282155
vn -0.925956 0.250987 -0.282155
vn -0.925956 0.250987 -0.282155
vn -0.925956 0.250987 -0.282155
vn -0.986874 0.136137 -0.086867
vn -0.865109 -0.016002 0.501328
vn -0.944161 -0.120905 -0.306501
vn -0.944161 -0.120905 -0.306501
vn -0.893846 0.063825 -0.443808
vn -0.845351 0.022302 -0.533746
vn -0.906878 0.091721 -0.411290
vn -0.834365 0.013925 -0.551036
vn -0.967402 -0.067599 -0.244055
vn -0.995528 0.046118 -0.082451
vn -0.995528 0.046118 -0.082451
vn -0.995528 0.046118 -0.082451
vn -0.995528 0.046118 -0.082451
vn -0.909540 -0.393054 -0.135077
vn -0.909540 -0.393054 -0.135077
vn -0.909540 -0.393054 -0.135077
vn -0.909540 -0.393054 -0.135077
vn -0.288352 -0.957070 -0.029517
vn -0.288352 -0.957069 -0.029517
vn -0.288352 -0.957070 -0.029517
vn -0.246242 -0.962887 0.110512
vn -0.246242 -0.962888 0.110512
vn -0.246242 -0.962888 0.110512
vn -0.282270 -0.957376 0.061272
vn -0.282270 -0.957376 0.061272
vn -0.282270 -0.957376 0.061272
vn -0.076043 -0.976480 0.201754
vn -0.076043 -0.976480 0.201754
vn -0.076043 -0.976480 0.201754
vn -0.633337 -0.511831 0.580443
vn -0.633337 -0.511831 0.580443
vn -0.633337 -0.511831 0.580443
vn -0.633337 -0.511831 0.580443
vn -0.256661 -0.448412 0.856184
vn -0.256661 -0.448412 0.856184
vn -0.256661 -0.448412 0.856184
vn -0.256661 -0.448412 0.856184
vn -0.825316 -0.487089 0.285653
vn -0.825316 -0.487089 0.285653
vn -0.825316 -0.487089 0.285653
vn -0.825316 -0.487089 0.285653
vn 0.326583 -0.844713 -0.424032
vn 0.326583 -0.844713 -0.424032
vn 0.326583 -0.844713 -0.424032
vn 0.408468 -0.906894 -0.103428
vn 0.408468 -0.906894 -0.103428
vn 0.408468 -0.906894 -0.103428
vn 0.360365 -0.930110 0.070934
vn 0.360365 -0.930111 0.070934
vn 0.360365 -0.930111 0.070934
vn 0.292892 -0.942700 0.159784
vn 0.292892 -0.942700 0.159784
vn 0.292892 -0.942700 0.159784
vn 0.176468 -0.959419 0.219940
vn 0.176468 -0.959419 0.219940
vn 0.176468 -0.959419 0.219940
vn 0.309081 -0.543772 0.780244
vn 0.309081 -0.543772 0.780244
vn 0.309081 -0.543772 0.780244
vn 0.309081 -0.543772 0.780244
vn 0.626663 -0.596721 0.501216
vn 0.626663 -0.596721 0.501217
vn 0.626663 -0.596721 0.501217
vn 0.626663 -0.596721 0.501216
vn 0.831004 -0.517375 0.204344
vn 0.831004 -0.517375 0.204344
vn 0.831004 -0.517375 0.204344
vn 0.831004 -0.517375 0.204344
vn 0.866329 -0.460497 -0.193436
vn 0.866329 -0.460497 -0.193436
vn 0.866329 -0.460497 -0.193436
vn 0.866329 -0.460497 -0.193436
vn 0.760099 -0.539079 -0.362826
vn 0.760099 -0.539079 -0.362826
vn 0.760099 -0.539079 -0.362826
vn 0.927975 -0.135199 -0.347252
vn 0.927975 -0.135199 -0.347252
vn 0.927975 -0.135199 -0.347252
vn 0.927975 -0.135199 -0.347252
vn 0.970087 -0.018245 -0.242070
vn 0.970087 -0.018245 -0.242070
vn 0.970087 -0.018245 -0.242070
vn 0.970087 -0.018245 -0.242070
vn 0.929949 0.328572 -0.165033
vn 0.929949 0.328572 -0.165033
vn 0.929949 0.328572 -0.165033
vn 0.929949 0.328572 -0.165033
vn 0.947719 -0.152375 -0.280376
vn 0.947719 -0.152375 -0.280376
vn 0.947719 -0.152375 -0.280376
vn 0.947719 -0.152375 -0.280376
vn 0.891964 0.061817 -0.447861
vn 0.891964 0.061817 -0.447861
vn 0.275171 0.072682 -0.958644
vn 0.818235 0.119816 -0.562259
vn 0.976202 -0.049856 -0.211055
vn 0.828902 0.003181 -0.559384
vn 0.828902 0.003181 -0.559384
vn 0.910412 0.090344 -0.403717
vn 0.993714 0.033541 -0.106805
vn 0.993714 0.033541 -0.106805
vn 0.993714 0.033541 -0.106805
vn 0.993714 0.033541 -0.106805
vn 0.987968 0.114602 0.103854
vn 0.987968 0.114602 0.103854
vn 0.987968 0.114602 0.103854
vn 0.987968 0.114602 0.103854
vn 0.715590 0.167916 0.678037
vn 0.715591 0.167916 0.678037
vn 0.715591 0.167916 0.678037
vn 0.715591 0.167916 0.678037
vn 0.353423 0.110291 0.928939
vn 0.353423 0.110291 0.928939
vn 0.353423 0.110291 0.928939
vn 0.353423 0.110291 0.928939
vn -0.309346 0.092944 0.946396
vn -0.309346 0.092944 0.946396
vn -0.309346 0.092944 0.946396
vn -0.309346 0.092944 0.946396
vn -0.634238 0.219955 0.741189
vn -0.634238 0.219955 0.741189
vn -0.634238 0.219955 0.741189
vn -0.634238 0.219955 0.741189
vn -0.946186 0.211148 0.245252
vn -0.946186 0.211148 0.245252
vn -0.946186 0.211148 0.245252
vn -0.946186 0.211148 0.245252
vn 0.385572 0.060889 0.920666
vn 0.385572 0.060889 0.920666
vn 0.385572 0.060889 0.920666
vn 0.385572 0.060889 0.920666
vn -0.336769 0.127862 0.932866
vn -0.336769 0.127862 0.932866
vn -0.336769 0.127862 0.932866
vn -0.336769 0.127862 0.932866
vn 0.694443 0.316424 0.646239
vn 0.694443 0.316425 0.646239
vn 0.694443 0.316425 0.646239
vn 0.694443 0.316424 0.646239
vn -0.665347 0.306144 0.680874
vn -0.665347 0.306144 0.680874
vn -0.665347 0.306144 0.680874
vn -0.665347 0.306144 0.680874
vn 0.965472 0.227913 0.126170
vn 0.965472 0.227913 0.126170
vn 0.965472 0.227913 0.126170
vn 0.965472 0.227913 0.126170
vn -0.973972 0.118573 0.193184
vn -0.973972 0.118573 0.193184
vn -0.973972 0.118573 0.193184
vn -0.973971 0.118573 0.193184
vn -0.286606 0.532389 0.796504
vn -0.286606 0.532389 0.796504
vn -0.286606 0.532389 0.796504
vn -0.286606 0.532389 0.796504
vn 0.310810 0.534913 0.785662
vn 0.310810 0.534913 0.785662
vn 0.310810 0.534913 0.785662
vn 0.310810 0.534913 0.785662
vn 0.976091 0.131201 0.173300
vn 0.976091 0.131201 0.173300
vn 0.976091 0.131201 0.173300
vn 0.976091 0.131201 0.173300
vn 0.836071 0.145382 0.529009
vn 0.836071 0.145382 0.529009
vn 0.836071 0.145382 0.529009
vn 0.836071 0.145382 0.529009
vn -0.978619 0.098222 0.180712
vn -0.978619 0.098222 0.180712
vn -0.978619 0.098222 0.180712
vn -0.978619 0.098222 0.180712
vn -0.836300 0.125823 0.533639
vn -0.836300 0.125823 0.533639
vn -0.836300 0.125823 0.533639
vn -0.836300 0.125823 0.533639
vn 0.257955 0.467151 0.845712
vn 0.257955 0.467152 0.845712
vn 0.257955 0.467151 0.845712
vn -0.263529 0.479895 0.836811
vn -0.263529 0.479895 0.836811
vn -0.263529 0.479895 0.836811
vn 0.413429 0.212866 0.885305
vn 0.413429 0.212866 0.885305
vn 0.413429 0.212866 0.885305
vn 0.413429 0.212866 0.885305
vn -0.406565 0.196980 0.892135
vn -0.406565 0.196980 0.892135
vn -0.406565 0.196980 0.892135
vn -0.406565 0.196980 0.892135
vn -0.282195 0.365790 0.886884
vn -0.282195 0.365790 0.886884
vn -0.282195 0.365790 0.886884
vn -0.282195 0.365790 0.886884
vn -0.916379 0.295127 0.270460
vn -0.916379 0.295127 0.270460
vn -0.916379 0.295127 0.270460
vn -0.916379 0.295127 0.270460
vn -0.442452 0.128673 0.887513
vn -0.442452 0.128673 0.887513
vn -0.442452 0.128673 0.887513
vn -0.845071 -0.198157 -0.496577
vn -0.845071 -0.198157 -0.496577
vn -0.845071 -0.198157 -0.496577
vn -0.845071 -0.198157 -0.496577
vn -0.632490 -0.494155 0.596462
vn -0.572208 -0.362740 0.735526
vn -0.613230 -0.371077 0.697317
vn 0.270116 0.382137 0.883747
vn 0.270116 0.382137 0.883747
vn 0.270116 0.382137 0.883747
vn 0.270116 0.382137 0.883747
vn 0.914347 0.289902 0.282714
vn 0.914347 0.289902 0.282714
vn 0.914347 0.289902 0.282714
vn 0.914347 0.289902 0.282714
vn 0.410408 0.129563 0.902651
vn 0.410408 0.129563 0.902651
vn 0.410408 0.129563 0.902651
vn 0.635325 -0.365611 0.680214
vn 0.500379 -0.458243 0.734598
vn 0.656556 -0.493887 0.570096
vn 0.847687 -0.184281 -0.497461
vn 0.847687 -0.184281 -0.497461
vn 0.847687 -0.184281 -0.497461
vn 0.847687 -0.184281 -0.497461
vn -0.151045 -0.577967 0.801960
vn 0.824724 0.143886 0.546925
vn 0.536544 0.315001 0.782876
vn 0.132880 0.777953 0.614111
vn 0.732867 0.598903 0.322833
vn 0.495343 0.868554 0.015763
vn -0.137550 0.935637 0.325060
vn 0.923871 -0.313456 0.219564
vn 0.885800 0.423275 0.190256
vn 0.509607 0.776898 0.369772
vn 0.714228 0.452793 0.533719
vn -0.577716 0.638611 0.508350
vn 0.081082 0.605216 0.791921
vn -0.538111 0.462309 0.704774
vn -0.418287 0.109364 0.901707
vn -0.640556 0.177718 0.747064
vn -0.343351 -0.204399 0.916696
vn 0.792937 0.519445 0.318478
vn 0.739455 0.592170 0.320220
vn 0.241222 0.470486 0.848797
vn 0.589090 0.759823 0.275030
vn 0.534482 0.672008 0.512576
vn 0.885325 0.067877 0.459992
vn 0.822789 0.119845 -0.555568
vn 0.993803 0.107615 -0.027823
vn -0.250620 0.930716 -0.266379
vn -0.237034 0.969433 0.063355
vn 0.427349 0.892726 -0.142878
vn 0.383376 0.900261 -0.206283
vn -0.669384 0.719671 -0.184387
vn -0.709805 0.689520 0.144012
vn -0.250484 0.908880 -0.333460
vn -0.674722 0.699863 -0.234396
vn 0.839411 0.522331 0.150197
vn 0.704021 0.701674 0.109582
vn 0.966315 0.208698 0.150602
vn 0.955514 -0.037433 0.292562
vn 0.940899 -0.082245 0.328550
vn 0.990661 -0.073183 0.115042
vn 0.967295 -0.247277 0.056512
vn 0.836608 -0.242893 0.491009
vn 0.984463 -0.172683 -0.031824
vn 0.814002 -0.049183 0.578776
vn 0.798729 0.074320 0.597084
vn 0.974909 0.073563 0.210097
vn 0.735210 0.067492 0.674471
vn 0.937600 -0.077231 0.339030
vn 0.876025 -0.180746 0.447114
vn 0.778341 -0.250931 0.575517
vn 0.990396 -0.112163 -0.080836
vn 0.985671 0.091868 -0.141466
vn 0.853372 0.520241 -0.033268
vn 0.634676 0.772548 0.018875
vn 0.286024 0.954127 -0.088495
vn 0.293172 0.955977 -0.012549
vn 0.186039 0.961054 -0.204365
vn 0.738133 0.548093 -0.393387
vn 0.621406 0.739051 -0.260112
vn 0.257988 0.956453 -0.136530
vn 0.032393 0.994031 -0.104182
vn 0.362348 0.710811 -0.602870
vn 0.407745 0.517453 -0.752321
vn -0.006315 0.501559 -0.865101
vn 0.008402 0.784798 -0.619695
vn 0.836780 0.037460 -0.546256
vn 0.472865 0.095593 -0.875935
vn -0.023918 0.107442 -0.993924
vn -0.258580 0.964930 -0.045242
vn -0.642354 0.735135 -0.216695
vn -0.363733 0.764222 -0.532601
vn -0.890192 0.399456 0.219075
vn -0.915728 0.393649 0.080513
vn -0.866986 0.485361 -0.112962
vn -0.750587 0.561374 -0.348537
vn -0.491642 0.549011 -0.675926
vn -0.533366 0.105673 -0.839258
vn -0.867090 0.078369 -0.491948
vn -0.992555 0.106210 -0.059612
vn -0.980484 0.050576 0.189982
vn -0.957440 0.019487 0.287973
vn -0.979330 -0.016201 0.201617
vn -0.918830 -0.070143 0.388371
vn -0.971450 -0.079817 0.223413
vn -0.873016 -0.126107 0.471105
vn -0.959771 -0.192953 0.203983
vn -0.846799 -0.116406 0.519020
vn -0.973175 0.096445 0.208873
vn -0.886810 0.043988 0.460036
vn -0.914683 -0.050560 0.400997
vn -0.713414 0.085911 0.695457
vn -0.773531 -0.210464 0.597791
vn -0.870629 -0.156486 0.466388
vn -0.994547 -0.103417 -0.013475
vn -0.878565 -0.193296 -0.436761
vn -0.520998 -0.138310 -0.842277
vn -0.022587 -0.106641 -0.994041
vn 0.458602 -0.168258 -0.872567
vn 0.832223 -0.231420 -0.503835
vn -0.021342 -0.410310 -0.911696
vn -0.490189 -0.307230 -0.815674
vn -0.632633 -0.259450 -0.729699
vn 0.481836 -0.340840 -0.807256
vn -0.847582 -0.208500 -0.487989
vn 0.871644 -0.159749 -0.463375
vn -0.970354 -0.195306 -0.142372
vn 0.975385 -0.112652 -0.189561
vn 0.316435 -0.392361 -0.863668
vn -0.000680 -0.391776 -0.920060
vn -0.322276 -0.396777 -0.859480
vn -0.970777 -0.143255 -0.192538
vn -0.925981 0.116496 0.359149
vn -0.745159 -0.309643 -0.590643
vn 0.976709 -0.119626 -0.178126
vn 0.875837 0.181004 0.447378
vn 0.731591 -0.307124 -0.608646
vn -0.466077 -0.329539 -0.821082
vn -0.321753 -0.432316 -0.842365
vn 0.304877 -0.346953 -0.886946
vn 0.406564 -0.196981 -0.892135
vn 0.626764 -0.473354 -0.618954
vn 0.865337 -0.288333 -0.409946
vn 0.981333 -0.086848 -0.171588
vn 0.733755 0.127640 0.667317
vn 0.750766 -0.349707 -0.560407
vn -0.664611 -0.425731 -0.614040
vn -0.860992 -0.239280 -0.448818
vn -0.989010 -0.044346 -0.141043
vn -0.718627 -0.455267 -0.525649
vn -0.847692 0.184277 0.497454
vn 0.838142 -0.060853 -0.542047
vn 0.838142 -0.060853 -0.542047
vn -0.520360 -0.641080 0.564130
vn -0.520360 -0.641080 0.564130
vn -0.439523 -0.131557 -0.888545
vn -0.439523 -0.131557 -0.888545
vn -0.439523 -0.131557 -0.888545
vn -0.439523 -0.131557 -0.888545
vn -0.397101 -0.445210 0.802558
vn -0.478251 -0.531358 0.699239
vn -0.478251 -0.531358 0.699239
vn -0.478251 -0.531358 0.699239
vn -0.478251 -0.531358 0.699239
vn -0.399177 -0.376026 0.836219
vn -0.399177 -0.376026 0.836219
vn 0.018766 -0.358879 -0.933196
vn 0.018766 -0.358879 -0.933196
vn -0.411523 -0.340999 0.845203
vn -0.411524 -0.340999 0.845203
vn 0.100819 -0.066807 -0.992659
vn 0.100819 -0.066807 -0.992659
vn -0.354966 0.025602 0.934528
vn 0.054158 -0.135629 -0.989278
vn 0.054158 -0.135629 -0.989278
vn 0.141156 0.058259 -0.988272
vn 0.456876 0.394350 -0.797341
vn -0.156071 -0.240158 -0.958105
vn -0.598986 -0.465755 -0.651374
vn 0.065486 -0.997217 -0.035637
vn 0.065486 -0.997217 -0.035637
vn 0.065486 -0.997217 -0.035637
vn 0.065486 -0.997217 -0.035637
vn 0.186474 -0.357116 0.915257
vn 0.186474 -0.357116 0.915257
vn 0.186474 -0.357116 0.915257
vn 0.186474 -0.357116 0.915257
vn -0.038374 -0.307299 -0.950839
vn -0.038374 -0.307299 -0.950839
vn -0.038374 -0.307299 -0.950839
vn -0.038374 -0.307299 -0.950839
vn 0.387563 -0.302707 0.870726
vn 0.387563 -0.302707 0.870726
vn -0.093861 -0.081084 -0.992278
vn -0.093861 -0.081084 -0.992278
vn -0.093861 -0.081084 -0.992278
vn -0.093861 -0.081084 -0.992278
vn 0.340235 0.021929 0.940085
vn 0.340235 0.021929 0.940085
vn -0.085627 -0.093202 -0.991958
vn -0.085627 -0.093202 -0.991958
vn -0.085627 -0.093202 -0.991958
vn -0.085627 -0.093202 -0.991958
vn 0.113537 0.345748 0.931433
vn 0.113537 0.345748 0.931433
vn 0.062558 0.394934 0.916577
vn 0.062558 0.394934 0.916577
vn 0.152149 -0.240180 -0.958731
vn 0.588803 -0.470710 -0.657072
vn -0.071936 -0.997408 -0.001388
vn -0.071936 -0.997408 -0.001388
vn -0.071936 -0.997408 -0.001388
vn -0.071936 -0.997408 -0.001388
vn -0.209736 -0.027307 0.977377
vn -0.209736 -0.027307 0.977377
vn -0.209736 -0.027307 0.977377
vn -0.209736 -0.027307 0.977377
vn 0.212429 -0.027629 0.976786
vn 0.212429 -0.027629 0.976786
vn 0.212429 -0.027629 0.976786
vn 0.212429 -0.027629 0.976786
vn -0.241235 0.191029 0.951480
vn -0.241235 0.191029 0.951480
vn -0.241235 0.191029 0.951480
vn -0.241235 0.191029 0.951480
vn 0.240526 0.160169 0.957336
vn 0.240526 0.160169 0.957336
vn 0.240526 0.160169 0.957336
vn 0.240526 0.160169 0.957336
vn -0.046478 -0.509239 0.859369
vn -0.046478 -0.509239 0.859369
vn 0.009295 -0.509969 0.860143
vn 0.009295 -0.509969 0.860143
vn 0.009295 -0.509969 0.860143
vn 0.009295 -0.509969 0.860143
vn -0.610311 -0.515310 0.601644
vn -0.610311 -0.515310 0.601644
vn -0.216170 -0.450640 0.866137
vn -0.216170 -0.450640 0.866137
vn 0.304485 0.394307 0.867070
vn 0.304485 0.394307 0.867070
vn -0.692074 -0.709285 0.133972
vn -0.692074 -0.709285 0.133972
vn -0.440509 -0.518185 0.733100
vn 0.647153 -0.519440 0.558010
vn 0.647153 -0.519440 0.558010
vn 0.230620 -0.458308 0.858352
vn 0.230620 -0.458308 0.858352
vn 0.230620 -0.458308 0.858352
vn 0.230620 -0.458308 0.858352
vn 0.099827 0.215949 -0.971288
vn -0.296016 0.386842 0.873343
vn -0.296016 0.386842 0.873343
vn -0.296016 0.386842 0.873343
vn -0.296016 0.386842 0.873343
vn 0.692118 -0.708170 0.139527
vn 0.692119 -0.708170 0.139527
vn 0.692119 -0.708170 0.139527
vn 0.692118 -0.708170 0.139527
vn -0.713995 0.620312 0.324690
vn -0.901145 0.278525 0.332208
vn -0.150509 -0.812999 0.562477
vn -0.150509 -0.812999 0.562477
vn -0.150509 -0.812999 0.562477
vn -0.687202 -0.725140 -0.043885
vn -0.687202 -0.725140 -0.043885
vn -0.687202 -0.725140 -0.043885
vn 0.530520 0.085047 0.843395
vn 0.497842 0.026282 0.866869
vn 0.587449 0.020953 0.808990
vn 0.603021 0.080439 0.793659
vn 0.825763 0.540594 0.160851
vn -0.040554 0.231906 -0.971892
vn 0.872923 0.009696 -0.487762
vn 0.825531 0.291528 0.483230
vn 0.831035 -0.525194 0.183173
vn 0.903251 -0.419935 0.088271
vn 0.549226 -0.697949 -0.459584
vn -0.152129 -0.321391 -0.934647
vn 0.138560 0.353284 0.925198
vn 0.557464 0.079256 0.826409
vn 0.651664 -0.250046 0.716108
vn 0.301094 -0.031736 0.953066
vn 0.537539 0.272822 0.797884
vn 0.717439 0.134918 0.683432
vn 0.914512 0.016013 0.404241
vn 0.762899 -0.012699 0.646393
vn 0.376639 0.305078 0.874683
vn 0.676740 0.217718 0.703293
vn 0.353144 0.363191 0.862196
vn 0.361196 0.506272 0.783088
vn 0.607495 -0.273775 0.745652
vn 0.311732 -0.197325 0.929455
vn 0.660515 0.129568 0.739549
vn 0.635743 -0.023061 0.771556
vn 0.467273 -0.448433 0.761948
vn 0.547788 -0.306872 0.778304
vn 0.630365 -0.239490 0.738434
vn 0.834840 0.045714 0.548591
vn 0.832479 -0.009240 0.553979
vn 0.932961 0.026585 0.358995
vn 0.487075 0.230417 0.842417
vn 0.549937 0.395005 0.735894
vn 0.761738 0.053117 0.645704
vn 0.946412 -0.147253 0.287437
vn 0.832798 0.259609 0.488928
vn 0.683948 0.188924 0.704644
vn 0.947250 0.059690 0.314888
vn 0.408874 0.115626 0.905236
vn 0.758318 0.338802 0.556926
vn 0.654495 0.343826 0.673365
vn 0.395421 0.336681 0.854569
vn 0.000000 0.290952 0.956738
vn 0.000000 0.046506 0.998918
vn 0.000000 -0.080506 0.996754
vn 0.000001 0.339477 0.940614
vn 0.994838 -0.051840 0.087231
vn 0.964073 0.037333 0.263003
vn 0.596777 0.643976 0.478698
vn 0.363599 0.527711 0.767670
vn 0.700370 0.662328 0.266088
vn 0.443192 -0.109714 0.889687
vn 0.344036 0.092727 0.934367
vn 0.507279 -0.001746 0.861780
vn 0.473056 -0.062281 0.878828
vn 0.201085 -0.546190 0.813167
vn 0.000000 0.059948 0.998202
vn -0.000000 -0.525838 0.850585
vn 0.303631 -0.601132 0.739222
vn 0.000000 0.873218 -0.487329
vn 0.443397 0.879640 0.172140
vn 0.242828 -0.450967 0.858873
vn -0.000000 -0.360723 0.932673
vn 0.287952 -0.407692 0.866528
vn 0.343884 -0.197033 0.918108
vn 0.000000 -0.279290 0.960207
vn 0.499460 -0.164524 0.850572
vn 0.347000 -0.417846 0.839640
vn 0.394069 -0.380727 0.836515
vn 0.406759 -0.236212 0.882469
vn 0.285423 -0.227113 0.931103
vn 0.167284 0.852973 0.494422
vn 0.000000 0.925941 0.377668
vn -0.000000 0.501066 0.865409
vn 0.545271 -0.247993 0.800737
vn 0.611946 -0.222253 0.759030
vn 0.985451 -0.039130 0.165394
vn 0.974277 -0.210799 0.079676
vn 0.792527 -0.102976 0.601080
vn 0.798709 -0.430897 0.419990
vn 0.847521 -0.509416 0.149007
vn 0.926617 -0.257527 0.273972
vn 0.836161 -0.548064 0.021465
vn 0.699560 -0.699348 0.146728
vn 0.884365 -0.253310 0.392088
vn 0.537988 -0.639237 -0.549496
vn 0.940621 0.334401 -0.058387
vn 0.314051 -0.946272 0.077080
vn -0.000000 -0.999269 -0.038237
vn -0.014276 -0.541941 0.840295
vn 0.627989 -0.680339 0.377847
vn 0.495595 -0.741542 0.452219
vn 0.000000 0.993112 -0.117173
vn 0.383701 -0.684910 -0.619412
vn 0.705272 -0.548808 -0.448777
vn 0.046797 0.661162 -0.748782
vn 0.438253 -0.226521 -0.869841
vn 0.447236 0.675854 -0.585834
vn 0.000000 -0.437482 0.899227
vn 0.000000 -0.251493 0.967859
vn 0.639110 0.320573 0.699122
vn 0.812215 0.278176 0.512762
vn 0.670570 -0.534169 0.514781
vn 0.000000 -0.930215 0.367015
vn 0.000000 -0.520742 0.853714
vn 0.802041 0.425202 0.419445
vn 0.733854 0.052983 0.677238
vn 0.616231 -0.087043 0.782741
vn 0.613839 0.144678 0.776061
vn 0.437109 0.028158 0.898968
vn 0.294928 -0.136338 0.945743
vn 0.362624 -0.016846 0.931783
vn 0.342929 0.129412 0.930404
vn 0.386404 -0.029598 0.921855
vn 0.442874 -0.163922 0.881472
vn 0.532621 0.003787 0.846345
vn 0.414129 -0.368592 0.832248
vn 0.476902 -0.321344 0.818109
vn 0.658164 -0.305766 0.687988
vn 0.476612 -0.382302 0.791635
vn 0.210291 -0.730499 0.649730
vn 0.996864 -0.078937 -0.005558
vn 0.986875 -0.149140 -0.061929
vn 0.289723 -0.153503 0.944721
vn 0.512064 0.032932 0.858316
vn 0.507825 -0.138508 0.850253
vn 0.332212 0.018801 0.943017
vn 0.457125 -0.308731 -0.834100
vn 0.122362 -0.370534 0.920724
vn 0.444434 -0.039776 0.894928
vn 0.260198 -0.702362 0.662559
vn 0.001213 0.547120 0.837053
vn 0.075369 0.563811 0.822458
vn 0.313106 0.746909 0.586593
vn 0.347574 0.752960 -0.558787
vn 0.309867 0.679615 -0.664910
vn 0.323088 0.660184 -0.678064
vn 0.065082 0.677595 -0.732549
vn 0.000000 -0.991423 0.130691
vn 0.000000 -0.727325 0.686293
vn 0.000000 0.596244 0.802803
vn -0.000000 0.617439 0.786619
vn 0.373674 0.859540 0.348653
vn 0.372513 0.926969 0.044309
vn 0.373844 0.874929 -0.307798
vn -0.530520 0.085046 0.843395
vn -0.603022 0.080439 0.793659
vn -0.587448 0.020953 0.808990
vn -0.497840 0.026281 0.866871
vn -0.825763 0.540596 0.160846
vn -0.778756 0.261274 0.570329
vn -0.872923 0.009696 -0.487762
vn 0.040553 0.231906 -0.971892
vn -0.831035 -0.525194 0.183174
vn 0.152128 -0.321391 -0.934647
vn -0.549226 -0.697949 -0.459584
vn -0.918735 -0.388736 0.069356
vn -0.557466 0.079256 0.826408
vn -0.138562 0.353283 0.925198
vn -0.651662 -0.250045 0.716111
vn -0.301093 -0.031737 0.953067
vn -0.537540 0.272823 0.797884
vn -0.762899 -0.012700 0.646393
vn -0.938127 -0.036512 0.344360
vn -0.717439 0.134918 0.683432
vn -0.376640 0.305077 0.874683
vn -0.361197 0.506272 0.783087
vn -0.353144 0.363192 0.862195
vn -0.676741 0.217718 0.703293
vn -0.607496 -0.273776 0.745651
vn -0.635744 -0.023061 0.771555
vn -0.660515 0.129568 0.739549
vn -0.311733 -0.197326 0.929454
vn -0.467273 -0.448433 0.761948
vn -0.547787 -0.306872 0.778305
vn -0.834840 0.045714 0.548591
vn -0.630364 -0.239490 0.738435
vn -0.832479 -0.009240 0.553979
vn -0.932961 0.026585 0.358995
vn -0.487076 0.230417 0.842417
vn -0.549937 0.395005 0.735894
vn -0.761738 0.053117 0.645704
vn -0.974278 -0.128261 0.185287
vn -0.832798 0.259609 0.488928
vn -0.947250 0.059689 0.314888
vn -0.683948 0.188924 0.704644
vn -0.408874 0.115626 0.905236
vn -0.654496 0.343826 0.673364
vn -0.758319 0.338803 0.556924
vn -0.395421 0.336681 0.854569
vn -0.994838 -0.051840 0.087231
vn -0.964072 0.037334 0.263003
vn -0.363599 0.527710 0.767670
vn -0.596778 0.643976 0.478698
vn -0.700370 0.662328 0.266088
vn -0.443193 -0.109715 0.889687
vn -0.473057 -0.062281 0.878828
vn -0.507280 -0.001746 0.861779
vn -0.344036 0.092727 0.934367
vn -0.201086 -0.546192 0.813166
vn -0.303632 -0.601134 0.739220
vn -0.443396 0.879640 0.172141
vn -0.242828 -0.450969 0.858872
vn -0.287952 -0.407694 0.866527
vn -0.343884 -0.197032 0.918108
vn -0.499462 -0.164526 0.850570
vn -0.394070 -0.380728 0.836513
vn -0.347000 -0.417846 0.839640
vn -0.406758 -0.236212 0.882469
vn -0.285424 -0.227113 0.931103
vn -0.167284 0.852973 0.494422
vn -0.611945 -0.222253 0.759030
vn -0.545273 -0.247994 0.800735
vn -0.963122 -0.088735 0.254011
vn -0.964088 -0.220543 0.147968
vn -0.792526 -0.102975 0.601081
vn -0.946506 -0.222839 0.233385
vn -0.847521 -0.509416 0.149007
vn -0.798709 -0.430897 0.419990
vn -0.836161 -0.548064 0.021466
vn -0.866983 -0.396834 0.301436
vn -0.699560 -0.699348 0.146729
vn -0.537988 -0.639237 -0.549495
vn -0.982372 0.149444 -0.112300
vn -0.314051 -0.946272 0.077079
vn -0.495595 -0.741541 0.452220
vn -0.627990 -0.680339 0.377846
vn -0.383701 -0.684911 -0.619412
vn -0.705272 -0.548808 -0.448777
vn -0.528607 0.620455 -0.579319
vn -0.438253 -0.226521 -0.869841
vn -0.639110 0.320573 0.699122
vn -0.670570 -0.534170 0.514780
vn -0.812215 0.278177 0.512761
vn -0.802040 0.425202 0.419446
vn -0.616232 -0.087043 0.782740
vn -0.733853 0.052983 0.677239
vn -0.613837 0.144678 0.776062
vn -0.437108 0.028157 0.898969
vn -0.294929 -0.136338 0.945743
vn -0.362625 -0.016846 0.931783
vn -0.342929 0.129411 0.930404
vn -0.386403 -0.029598 0.921855
vn -0.442874 -0.163921 0.881472
vn -0.532622 0.003787 0.846345
vn -0.414129 -0.368592 0.832248
vn -0.476612 -0.382302 0.791636
vn -0.658164 -0.305766 0.687987
vn -0.476902 -0.321345 0.818109
vn -0.210290 -0.730498 0.649731
vn -0.996864 -0.078937 -0.005558
vn -0.986875 -0.149140 -0.061928
vn -0.289723 -0.153502 0.944721
vn -0.512065 0.032932 0.858315
vn -0.507825 -0.138508 0.850253
vn -0.332213 0.018801 0.943017
vn -0.457125 -0.308731 -0.834099
vn -0.444439 -0.039780 0.894925
vn -0.122362 -0.370533 0.920724
vn -0.260197 -0.702362 0.662559
vn -0.315209 0.713001 0.626317
vn -0.091418 0.551972 0.828836
vn -0.308462 0.617829 -0.723284
vn -0.378913 0.664404 -0.644199
vn -0.404176 0.914681 0.000731
vn -0.389640 0.846995 0.361635
vn -0.475113 0.744124 -0.469624
vn -0.407079 0.837043 -0.365577
vn 0.240168 -0.013157 0.970642
vn 0.401546 0.536233 0.742438
vn 0.340866 0.654660 0.674708
vn 0.182252 0.078712 0.980096
vn 0.039598 -0.653664 0.755748
vn -0.041429 -0.615734 0.786865
vn -0.073581 -0.995638 0.057364
vn -0.165667 -0.984726 0.053566
vn -0.003246 -0.710221 -0.703972
vn -0.059321 -0.672862 -0.737386
vn 0.176130 -0.060317 -0.982517
vn 0.167358 0.072666 -0.983215
vn 0.347173 0.515009 -0.783732
vn 0.316620 0.668919 -0.672531
vn 0.476725 0.864179 0.161020
vn 0.425631 0.781829 -0.455612
vn 0.392577 0.919719 -0.000750
vn 0.445407 0.742030 0.501004
vn 0.443409 0.633109 0.634478
vn 0.291167 0.049700 0.955380
vn 0.001871 -0.627039 0.778986
vn -0.144789 -0.988492 0.043822
vn 0.042490 -0.680355 -0.731650
vn 0.296869 0.086311 -0.951010
vn 0.369685 0.702233 -0.608442
vn 0.419430 0.907784 -0.002467
vn 0.049399 -0.670660 0.740118
vn 0.140340 0.053771 0.988642
vn 0.076317 0.020228 0.996878
vn -0.000008 -0.688401 0.725331
vn 0.062475 0.093127 -0.993692
vn -0.046436 -0.690234 -0.722095
vn -0.110462 -0.746126 -0.656577
vn -0.004452 0.098581 -0.995119
vn 0.240340 0.742924 -0.624741
vn 0.205041 0.768314 -0.606344
vn 0.311583 0.950187 0.007787
vn 0.272029 0.962287 -0.001859
vn 0.258416 0.714457 0.650210
vn 0.200868 0.728821 0.654578
vn -0.060876 -0.995167 0.077049
vn -0.026629 -0.999315 0.025690
vn 0.888027 0.076380 0.453402
vn 0.907113 0.180261 0.380332
vn 0.680195 0.152837 0.716921
vn 0.644564 -0.005228 0.764532
vn -0.574316 -0.385061 -0.722419
vn -0.618322 -0.302614 -0.725329
vn -0.638524 -0.129608 -0.758610
vn -0.716622 -0.138215 -0.683630
vn -0.000000 -0.270811 -0.962633
vn -0.372903 -0.153966 -0.915007
vn -0.394605 -0.128820 -0.909776
vn -0.400905 -0.280370 -0.872163
vn -0.392258 -0.204490 0.896838
vn -0.566835 -0.271060 0.777962
vn -0.574504 -0.117340 0.810047
vn -0.393656 -0.120773 0.911290
vn -0.496373 -0.171105 -0.851080
vn -0.400210 -0.106680 -0.910193
vn -0.554586 -0.122813 0.823014
vn -0.421984 -0.147703 0.894491
vn -0.620414 -0.085869 -0.779559
vn -0.979543 -0.130512 -0.153174
vn -0.556454 -0.406190 0.724823
vn -0.686862 -0.106059 0.719007
vn -0.000000 0.104424 0.994533
vn -0.000000 0.067998 0.997685
vn 0.436245 0.059810 0.897838
vn 0.434158 0.097282 0.895569
vn 0.379948 -0.097508 -0.919854
vn 0.398964 0.070054 -0.914287
vn 0.655978 0.145450 -0.740633
vn 0.625109 -0.090745 -0.775244
vn -0.000000 0.122172 0.992509
vn 0.000000 0.092834 0.995682
vn 0.426417 0.077814 0.901174
vn 0.403872 0.115847 0.907451
vn 0.424201 0.177740 -0.887954
vn 0.446607 0.245485 -0.860395
vn 0.673508 0.241921 -0.698471
vn 0.672875 0.223702 -0.705122
vn 0.976178 0.216422 0.015447
vn 0.970974 0.234753 -0.045835
vn 0.800371 0.170285 0.574813
vn 0.731700 0.138159 0.667479
vn 0.000000 -0.112014 0.993707
vn -0.000000 0.033176 0.999450
vn 0.402794 0.055582 0.913602
vn 0.434175 -0.090042 0.896317
vn 0.423528 0.061152 -0.903817
vn 0.416570 -0.150103 -0.896626
vn 0.707460 -0.167628 -0.686587
vn 0.686964 0.025967 -0.726227
vn 0.999423 0.032889 0.008537
vn 0.990711 -0.102983 0.088805
vn 0.811391 -0.079935 0.579012
vn 0.827876 0.065054 0.557127
vn 0.477989 -0.138176 0.867429
vn 0.399335 0.187200 0.897490
vn 0.000000 -0.073443 0.997299
vn 0.009085 0.442231 0.896855
vn 0.000000 -0.146527 0.989207
vn 0.457068 -0.140606 0.878248
vn 0.387036 -0.216732 -0.896231
vn 0.344565 -0.205709 -0.915947
vn 0.559956 -0.243546 -0.791918
vn 0.718432 -0.218195 -0.660490
vn 0.982915 -0.154179 0.100538
vn 0.979474 -0.171701 0.105592
vn 0.749044 -0.186944 0.635598
vn 0.811935 -0.152016 0.563607
vn -0.000000 0.108912 0.994051
vn 0.399594 0.122788 0.908432
vn 0.439922 0.154311 -0.884679
vn 0.670864 0.152355 -0.725761
vn 0.980991 0.183997 -0.061664
vn 0.827486 0.165354 0.536586
vn 0.016043 0.613229 0.789743
vn -0.000705 0.607551 0.794280
vn 0.000000 0.435667 0.900108
vn 0.923778 0.189112 -0.332973
vn 0.945253 -0.013644 -0.326052
vn 0.538351 0.100046 0.836761
vn 0.305822 0.763908 0.568258
vn 0.221098 0.642206 0.733953
vn 0.293172 0.069928 -0.953499
vn 0.264228 0.082658 -0.960912
vn 0.208249 0.489680 -0.846667
vn 0.217784 0.642045 -0.735084
vn 0.247878 0.390989 -0.886388
vn 0.208391 0.977917 0.015834
vn 0.228596 -0.133850 -0.964276
vn 0.244936 -0.202861 -0.948079
vn 0.000000 -0.171775 0.985136
vn 0.386212 -0.109873 -0.915843
vn -0.478031 -0.126651 0.869164
vn -0.591225 -0.196889 0.782105
vn 0.376096 0.056477 -0.924858
vn 0.197364 0.064897 -0.978180
vn 0.238940 -0.154078 -0.958733
vn 0.245138 0.135052 -0.960036
vn 0.235361 0.206002 -0.949826
vn 0.372461 0.152203 -0.915482
vn 0.315226 0.276048 -0.907981
vn 0.000000 0.069197 -0.997603
vn 0.000000 0.007165 -0.999974
vn 0.000000 0.155668 -0.987809
vn 0.000000 0.055144 -0.998478
vn 0.000000 0.244813 -0.969570
vn 0.000000 -0.153342 -0.988173
vn 0.000000 -0.209925 -0.977717
vn 0.000000 -0.153418 -0.988162
vn -0.000000 0.126370 -0.991983
vn -0.000169 0.373395 -0.927673
vn 0.000000 0.323800 -0.946126
vn -0.221224 0.152366 -0.963247
vn -0.324157 0.055971 -0.944346
vn -0.336918 0.061714 -0.939509
vn -0.424835 -0.811145 0.401943
vn -0.654529 -0.013823 0.755910
vn -0.668238 -0.033928 0.743174
vn -0.686803 -0.118213 0.717166
vn 0.210737 0.696047 0.686374
vn 0.142988 0.871322 0.469417
vn 0.723892 -0.094549 0.683404
vn -0.393742 -0.918393 0.039018
vn -0.226030 -0.973885 -0.021410
vn -0.379742 0.067579 -0.922621
vn -0.358757 -0.309852 -0.880503
vn -0.476221 -0.509614 -0.716595
vn -0.466264 0.074327 -0.881518
vn -0.368182 -0.929730 0.006627
vn -0.261470 -0.965207 0.003089
vn -0.352980 -0.934631 -0.043248
vn -0.243268 -0.967911 0.063000
vn -0.120009 -0.992218 0.033190
vn -0.057736 -0.997918 -0.028745
vn -0.140005 -0.988413 0.058638
vn -0.073579 0.841077 0.535887
vn 0.176561 0.980266 0.088907
vn 0.134884 0.876570 -0.461987
vn 0.145176 0.961892 0.231705
vn -0.014667 0.718676 -0.695190
vn 0.033088 0.814757 -0.578858
vn 0.442961 0.882138 0.160055
vn 0.190062 0.981761 -0.004563
vn 0.503779 0.863454 0.025576
vn 0.448244 0.820617 -0.354492
vn 0.152280 0.966376 -0.207190
vn -0.124345 0.820336 0.558201
vn -0.319947 0.643082 0.695758
vn 0.906302 -0.402691 0.128284
vn 0.411104 0.670909 -0.617150
vn 0.067453 0.047520 -0.996590
vn 0.310461 0.600409 0.736969
vn 0.026233 0.062163 0.997721
vn -0.061488 -0.940062 0.335414
vn -0.079012 -0.996592 0.023677
vn -0.166186 -0.906720 -0.387609
vn 0.287960 0.746231 -0.600182
vn 0.041870 0.052821 -0.997726
vn 0.272591 0.731301 0.625214
vn 0.034261 0.012275 0.999338
vn -0.140644 -0.894885 -0.423557
vn -0.185275 -0.959042 0.214272
vn 0.739076 -0.365591 0.565782
vn 0.352473 0.592455 -0.724403
vn 0.080375 0.091910 -0.992518
vn 0.342867 0.560539 0.753816
vn 0.043407 -0.047483 0.997929
vn -0.116840 -0.985799 0.120615
vn -0.147865 -0.883128 -0.445220
vn -0.157028 -0.872239 0.463186
vn 0.227553 0.754677 -0.615372
vn 0.026940 0.124302 -0.991879
vn 0.204616 0.690351 0.693936
vn -0.007610 -0.029918 0.999523
vn -0.102519 -0.837831 -0.536218
vn -0.110666 -0.859391 0.499199
vn 0.561163 -0.093845 -0.822368
vn 0.394982 0.535029 -0.746815
vn 0.102619 0.096197 -0.990058
vn 0.423347 0.534780 0.731292
vn 0.009745 -0.104377 0.994490
vn -0.155531 -0.987820 0.004599
vn -0.113986 -0.880951 -0.459274
vn -0.157338 -0.838797 0.521214
vn 0.260493 0.703211 -0.661542
vn 0.032096 0.145429 -0.988848
vn 0.241917 0.671874 0.700045
vn -0.056817 -0.105497 0.992795
vn -0.143932 -0.867663 -0.475862
vn -0.169188 -0.888412 0.426731
vn 0.039111 0.087970 -0.995355
vn 0.308160 0.506685 -0.805176
vn 0.384154 0.539623 -0.749155
vn 0.079896 0.070869 -0.994281
vn 0.454124 0.544609 0.705105
vn 0.003141 -0.136384 0.990651
vn -0.149184 -0.822012 0.549582
vn 0.321060 0.658086 -0.681061
vn 0.033503 0.088163 -0.995542
vn 0.275369 0.580858 0.766013
vn -0.052730 -0.164943 0.984893
vn -0.062291 -0.569790 -0.819426
vn -0.116513 -0.630449 -0.767436
vn -0.195354 -0.795540 0.573544
vn 0.173545 0.890461 -0.420668
vn 0.016347 0.036739 -0.999191
vn 0.172354 0.871330 0.459433
vn 0.039131 0.009575 0.999188
vn -0.079076 -0.873617 -0.480147
vn -0.152304 -0.917723 0.366862
vn -0.070618 -0.896967 0.436422
vn 0.175706 0.851853 -0.493431
vn 0.031054 0.128201 -0.991262
vn 0.166434 0.821354 0.545598
vn 0.001521 -0.059519 0.998226
vn -0.070749 -0.821504 -0.565796
vn -0.085772 -0.898143 0.431256
vn 0.208577 0.853223 -0.478023
vn 0.068454 0.099453 -0.992685
vn 0.185669 0.765638 0.615893
vn -0.023495 -0.146116 0.988989
vn -0.147667 -0.817179 -0.557147
vn -0.169784 -0.890040 0.423087
vn 0.193306 0.823628 -0.533169
vn 0.007040 0.102486 -0.994710
vn 0.179434 0.751814 0.634491
vn -0.046944 -0.162507 0.985590
vn -0.138545 -0.680919 -0.719134
vn -0.174701 -0.850422 0.496248
vn 0.119116 -0.088793 -0.988902
vn 0.544553 -0.564598 -0.620235
vn 0.315328 -0.809335 -0.495525
vn 0.004151 -0.759837 -0.650101
vn 0.218546 0.890121 -0.399904
vn 0.693982 0.614948 -0.374471
vn 0.248871 0.896800 0.365805
vn 0.783379 0.528451 0.327196
vn 0.171197 -0.075081 0.982372
vn 0.628530 -0.558132 0.541700
vn 0.012884 -0.888659 0.458387
vn 0.351145 -0.856888 0.377412
vn 0.159691 0.023085 -0.986897
vn 0.620599 -0.517790 -0.588855
vn 0.332432 -0.861794 -0.383146
vn -0.035433 -0.760198 -0.648725
vn 0.221148 0.868014 -0.444573
vn 0.715076 0.629272 -0.304440
vn 0.208134 0.841668 0.498273
vn 0.718668 0.624038 0.306746
vn 0.127973 -0.142079 0.981548
vn 0.586457 -0.584080 0.561177
vn -0.052467 -0.843105 0.535183
vn 0.305937 -0.894411 0.326238
vn 0.208168 0.018281 -0.977922
vn 0.627868 -0.579249 -0.519859
vn 0.340703 -0.827303 -0.446645
vn 0.057186 -0.848364 -0.526315
vn 0.270515 0.900671 -0.340021
vn 0.879786 0.295950 -0.372009
vn 0.232221 0.843407 0.484498
vn 0.798969 0.353708 0.486353
vn 0.126192 -0.282730 0.950862
vn 0.519744 -0.662671 0.539198
vn 0.009181 -0.847383 0.530903
vn 0.288021 -0.884058 0.368083
vn 0.132657 -0.037248 -0.990462
vn 0.471066 -0.433444 -0.768260
vn 0.295932 -0.730660 -0.615273
vn -0.013781 -0.700792 -0.713233
vn 0.228348 0.798541 -0.556946
vn 0.571594 0.699727 -0.428559
vn 0.223379 0.737735 0.637063
vn 0.571485 0.654208 0.495396
vn 0.096133 -0.333225 0.937934
vn 0.420739 -0.564443 0.710199
vn -0.041344 -0.831628 0.553792
vn 0.249945 -0.859907 0.445070
vn -0.117969 -0.531710 -0.838670
vn -0.016132 -0.999777 -0.013640
vn -0.539745 0.045484 0.840599
vn -0.323896 0.060640 0.944147
vn 0.008707 0.716860 0.697163
vn -0.209809 0.723935 0.657189
vn 0.461925 -0.176921 0.869094
vn 0.476846 -0.146021 -0.866773
vn 0.508531 0.727167 -0.461111
vn 0.492552 0.727448 0.477716
vn -0.243586 -0.834943 0.493494
vn -0.397674 -0.710894 0.580073
vn 0.550912 0.655777 -0.516191
vn -0.158251 0.018089 0.987233
vn 0.173170 0.753733 0.633955
vn 0.012413 -0.853819 -0.520423
vn -0.230059 -0.827284 0.512517
vn 0.260595 -0.073554 -0.962642
vn 0.411600 0.799670 -0.437166
vn 0.210278 0.785520 0.582015
vn -0.006963 -0.057083 0.998345
vn -0.014126 -0.845385 -0.533970
vn -0.193714 -0.811911 0.550704
vn 0.130153 -0.847357 -0.514827
vn 0.095367 -0.896769 0.432101
vn -0.630715 0.091514 0.770600
vn 0.977076 -0.017315 0.212187
vn 0.964419 0.241184 0.108284
vn 0.546164 0.155762 0.823069
vn 0.493703 0.023907 0.869302
vn -0.401010 0.148953 0.903883
vn -0.332814 -0.001599 0.942991
vn -0.876105 -0.162041 0.454073
vn -0.853466 0.082067 0.514646
vn -0.909670 -0.004097 0.415311
vn -0.925834 -0.049016 0.374739
vn -0.996722 -0.042070 -0.069102
vn -0.998123 -0.028477 -0.054217
vn -0.428136 0.059446 -0.901757
vn -0.509050 -0.114639 -0.853068
vn 0.428995 0.093981 -0.898405
vn 0.462512 -0.157317 -0.872545
vn 0.796727 0.148750 -0.585746
vn 0.758180 -0.182577 -0.625962
vn 0.876128 0.280400 -0.392141
vn 0.844428 -0.247342 -0.475146
vn 0.909220 0.410759 0.067791
vn 0.944081 -0.086748 0.318096
vn 0.460865 -0.087173 0.883179
vn 0.414868 0.581815 0.699554
vn -0.393507 -0.116849 0.911865
vn -0.568299 0.195606 0.799234
vn -0.864015 -0.136211 0.484689
vn -0.899746 0.006558 0.436365
vn -0.989805 -0.110025 -0.090447
vn -0.998714 -0.027891 -0.042344
vn -0.514461 -0.075165 -0.854213
vn -0.534831 0.068769 -0.842156
vn 0.271285 -0.089186 -0.958358
vn 0.316425 0.159006 -0.935196
vn 0.868864 -0.100461 -0.484750
vn 0.806775 0.210050 -0.552262
vn 0.915212 -0.187970 0.356448
vn 0.424696 -0.199162 0.883158
vn 0.476112 -0.200021 0.856334
vn 0.952269 -0.161819 0.258839
vn -0.303304 -0.164051 0.938666
vn -0.232121 -0.231330 0.944779
vn -0.888847 -0.092136 0.448846
vn -0.847142 -0.217887 0.484640
vn -0.952710 -0.019815 -0.303236
vn -0.957608 -0.133603 -0.255221
vn -0.456840 0.011666 -0.889472
vn -0.505026 -0.050118 -0.861648
vn 0.323890 -0.032371 -0.945541
vn 0.250164 -0.024865 -0.967884
vn 0.901283 -0.121707 -0.415785
vn 0.859547 -0.080419 -0.504690
vn 0.534997 0.837277 0.112901
vn 0.257055 0.771867 0.581502
vn -0.317382 0.666038 0.675028
vn 0.000000 -1.000000 -0.000000
vn -0.002322 -0.999997 -0.000149
vn 0.000000 -1.000000 -0.000000
vn -0.000021 -0.999999 0.001476
vn 0.000000 -1.000000 -0.000000
vn 0.000000 -1.000000 -0.000000
vn -0.001583 -0.999998 0.001342
vn 0.885514 0.287292 -0.365141
vn 0.913448 -0.152958 -0.377117
vn -0.881413 -0.037125 0.470886
vn -0.853542 0.211458 0.476184
vn 0.050437 0.994114 0.095883
vn 0.413687 0.905739 -0.092191
vn -0.551886 0.737213 0.389794
vn -0.926616 -0.116755 0.357423
vn -0.894990 0.149824 0.420174
vn -0.595766 0.669670 0.443402
vn 0.123655 0.969164 0.213143
vn 0.525499 0.847694 -0.072569
vn 0.877768 0.315778 -0.360289
vn 0.887365 -0.219607 -0.405408
vn 0.845999 -0.447214 0.290319
vn 0.443478 -0.189745 0.875970
vn -0.402421 -0.168746 -0.899768
vn 0.301644 -0.462113 -0.833944
vn -0.954993 -0.227770 -0.190026
vn -0.864057 -0.315793 0.392021
vn -0.439645 -0.259814 0.859773
vn 0.269781 -0.786816 0.555103
vn 0.698258 -0.712813 0.065834
vn 0.403761 -0.763500 0.504028
vn -0.204109 -0.846340 0.491985
vn -0.110381 -0.833160 0.541904
vn -0.484224 -0.859607 0.163106
vn -0.454693 -0.861365 0.226506
vn -0.507383 -0.824439 -0.250726
vn -0.519843 -0.833787 -0.185909
vn -0.234457 -0.767100 -0.597149
vn -0.304777 -0.779680 -0.547001
vn 0.131704 -0.729078 -0.671640
vn 0.562701 -0.702958 -0.434991
vn 0.781066 -0.470869 -0.410145
vn -0.179459 -0.124958 0.975797
vn 0.478757 -0.199728 0.854927
vn -0.833291 0.016545 0.552586
vn -0.968931 0.092664 -0.229317
vn -0.478178 0.073558 -0.875177
vn 0.326007 -0.039258 -0.944552
vn 0.894865 -0.145843 -0.421836
vn 0.929360 -0.200361 0.310072
vn 0.018975 0.999685 -0.016401
vn -0.045288 0.995413 -0.084270
vn -0.022708 0.996594 -0.079275
vn 0.015603 0.999819 0.010916
vn -0.051531 0.995402 0.080746
vn -0.086999 0.992830 0.081970
vn -0.149120 0.988748 -0.011814
vn -0.147366 0.988882 -0.019903
vn -0.066550 0.993498 -0.092373
vn -0.066822 0.993480 -0.092368
vn -0.011228 0.998276 -0.057616
vn -0.009196 0.999267 -0.037164
vn -0.047308 0.998816 0.011329
vn -0.067669 0.997639 0.011727
vn -0.102983 0.994188 -0.031379
vn -0.099876 0.993689 -0.051052
vn -0.005303 -0.999986 -0.000341
vn -0.003279 -0.999991 0.002652
vn -0.000045 -0.999995 0.003110
vn 0.000000 -1.000000 -0.000000
vn -0.000000 -1.000000 -0.000000
vn -0.000000 -1.000000 -0.000000
vn 0.000000 -1.000000 -0.000000
vn 0.000000 -1.000000 0.000000
vn -0.000000 -1.000000 0.000000
vn 0.000000 -1.000000 0.000000
vn 0.000000 -1.000000 0.000000
vn -0.000000 -1.000000 0.000000
vn 0.000000 0.000000 0.000000
vn 0.000000 0.000000 0.000000
vn 0.000000 0.000000 0.000000
vn 0.000000 0.000000 0.000000
vn 0.000000 0.000000 0.000000
vn 0.000000 0.000000 0.000000
vn 0.000000 0.000000 0.000000
vn 0.000000 0.000000 0.000000
vn 0.000000 0.000000 0.000000
vn 0.000000 0.000000 0.000000
vn 0.000000 0.000000 0.000000
vn 0.000000 0.000000 0.000000
vn 0.000000 0.000000 0.000000
vn 0.000000 0.000000 0.000000
vn 0.000000 0.000000 0.000000
vn 0.000000 0.000000 0.000000
vn 0.000000 0.000000 0.000000
vn 0.000000 0.000000 0.000000
vn 0.000000 0.000000 0.000000
vn 0.000000 0.000000 0.000000
vn 0.000000 0.000000 0.000000
vn 0.000000 0.000000 0.000000
vn 0.000000 0.000000 0.000000
vn 0.000000 0.000000 0.000000
vn 0.000000 0.000000 0.000000
vn 0.000000 0.000000 0.000000
vn 0.000000 0.000000 0.000000
vn 0.000000 0.000000 0.000000
vn 0.000000 0.000000 0.000000
vn 0.000000 0.000000 0.000000
vn 0.000000 0.000000 0.000000
vn 0.000000 0.000000 0.000000
vn 0.000000 0.000000 0.000000
vn 0.000000 0.000000 0.000000
vn 0.000000 0.000000 0.000000
vn 0.000000 0.000000 0.000000
vn 0.000000 0.000000 0.000000
vn 0.000000 0.000000 0.000000
vn 0.000000 0.000000 0.000000
vn 0.000000 0.000000 0.000000
vn 0.000000 0.000000 0.000000
vn 0.000000 0.000000 0.000000
vn 0.000000 0.000000 0.000000
vn 0.000000 0.000000 0.000000
vn 0.000000 0.000000 0.000000
vn 0.000000 0.000000 0.000000
vn 0.000000 0.000000 0.000000
vn 0.000000 0.000000 0.000000
vn 0.000000 0.000000 0.000000
vn 0.000000 0.000000 0.000000
vn 0.000000 0.000000 0.000000
vn 0.000000 0.000000 0.000000
vn 0.000000 0.000000 0.000000
vn 0.000000 0.000000 0.000000
vn 0.000000 0.000000 0.000000
vn 0.000000 0.000000 0.000000
vn 0.954970 0.107140 0.276685
vn 0.628481 0.012967 0.777716
vn 0.578518 -0.005096 0.815654
vn 0.980573 0.073758 0.181760
vn 0.307506 -0.159201 -0.938134
vn -0.000000 -0.266010 -0.963970
vn 0.000000 0.059859 -0.998207
vn 0.364730 0.209640 -0.907206
vn 0.605330 0.099289 0.789758
vn 0.962858 0.148084 0.225778
vn 0.794686 0.001175 -0.607020
vn 0.750777 0.239309 -0.615683
vn 0.506548 -0.200034 0.838687
vn 0.501183 -0.182382 0.845903
vn -0.249585 -0.200461 0.947377
vn -0.301528 -0.199985 0.932248
vn -0.888149 -0.128241 0.441300
vn -0.926257 -0.105655 0.361780
vn -0.952057 -0.027505 -0.304682
vn -0.926935 -0.019892 -0.374696
vn -0.486032 0.074898 -0.870726
vn -0.428546 0.064005 -0.901250
vn 0.298183 0.114772 -0.947584
vn 0.307444 0.090220 -0.947280
vn 0.884783 0.049044 -0.463415
vn 0.867572 0.026882 -0.496584
vn 0.951857 -0.080257 0.295849
vn 0.959878 -0.097321 0.262989
vn -0.189686 -0.147550 0.970695
vn 0.553019 -0.056001 0.831284
vn -0.085693 -0.189707 0.978094
vn -0.823991 -0.163121 0.542614
vn -0.630434 -0.278581 0.724532
vn -0.973344 -0.092168 -0.210017
vn -0.973226 -0.126865 -0.191667
vn -0.541626 0.020785 -0.840362
vn -0.388290 -0.363090 -0.846993
vn 0.210951 0.108394 -0.971468
vn 0.218097 -0.138131 -0.966102
vn 0.836634 0.122371 -0.533919
vn 0.835599 0.000948 -0.549339
vn 0.976051 0.055365 0.210378
vn 0.532689 -0.129179 0.836394
vn -0.228973 -0.191795 0.954351
vn -0.849493 -0.160493 0.502597
vn -0.967171 -0.046432 -0.249850
vn -0.501714 0.087178 -0.860630
vn 0.244857 0.147811 -0.958226
vn 0.848929 0.109883 -0.516958
vn 0.974163 -0.006339 0.225755
vn 0.990697 0.022576 -0.134198
vn -0.000000 -0.659415 -0.751779
vn -0.834212 -0.529344 0.154550
vn -0.829528 -0.535375 0.158928
vn -0.812490 -0.580599 -0.052582
vn -0.834211 -0.529344 0.154550
vn -0.659520 -0.749792 0.053337
vn 0.120439 -0.184997 0.975331
vn 0.000000 -0.246628 0.969110
vn -0.000000 0.158717 0.987324
vn -0.000000 -0.013177 0.999913
vn 0.244967 0.009755 0.969482
vn 0.274112 0.161228 0.948087
vn 0.595433 0.186356 0.781493
vn 0.955424 0.183506 0.231281
vn 0.721366 0.336868 -0.605104
vn -0.000000 0.385742 -0.922607
vn -0.240168 -0.013156 0.970642
vn -0.182252 0.078712 0.980096
vn -0.340866 0.654660 0.674708
vn -0.401546 0.536233 0.742439
vn -0.039598 -0.653665 0.755748
vn 0.041429 -0.615734 0.786864
vn 0.073581 -0.995638 0.057363
vn 0.165667 -0.984726 0.053566
vn 0.003246 -0.710221 -0.703971
vn 0.059321 -0.672862 -0.737386
vn -0.176130 -0.060317 -0.982517
vn -0.167358 0.072666 -0.983215
vn -0.347173 0.515009 -0.783732
vn -0.316620 0.668919 -0.672532
vn -0.476725 0.864179 0.161022
vn -0.392577 0.919719 -0.000750
vn -0.425631 0.781829 -0.455612
vn -0.445406 0.742030 0.501004
vn -0.291167 0.049700 0.955380
vn -0.443409 0.633109 0.634478
vn -0.001871 -0.627039 0.778986
vn 0.144789 -0.988492 0.043821
vn -0.042490 -0.680355 -0.731650
vn -0.296869 0.086311 -0.951010
vn -0.369685 0.702232 -0.608443
vn -0.419430 0.907784 -0.002467
vn -0.049399 -0.670661 0.740118
vn 0.000008 -0.688401 0.725331
vn -0.076317 0.020228 0.996878
vn -0.140340 0.053771 0.988642
vn -0.062475 0.093127 -0.993692
vn 0.004452 0.098581 -0.995119
vn 0.110462 -0.746126 -0.656577
vn 0.046436 -0.690234 -0.722095
vn -0.240340 0.742924 -0.624741
vn -0.205041 0.768313 -0.606344
vn -0.311583 0.950187 0.007787
vn -0.272029 0.962287 -0.001859
vn -0.258416 0.714457 0.650210
vn -0.200867 0.728821 0.654578
vn 0.060876 -0.995167 0.077049
vn 0.026629 -0.999315 0.025690
vn -0.888027 0.076380 0.453403
vn -0.644564 -0.005228 0.764532
vn -0.680195 0.152837 0.716921
vn -0.907113 0.180261 0.380332
vn 0.574316 -0.385061 -0.722419
vn 0.716622 -0.138215 -0.683630
vn 0.638524 -0.129608 -0.758610
vn 0.618322 -0.302614 -0.725329
vn 0.400905 -0.280370 -0.872163
vn 0.394605 -0.128820 -0.909776
vn 0.372903 -0.153966 -0.915007
vn 0.392258 -0.204490 0.896838
vn 0.393656 -0.120773 0.911290
vn 0.574504 -0.117339 0.810047
vn 0.566835 -0.271060 0.777962
vn 0.400210 -0.106680 -0.910193
vn 0.496373 -0.171105 -0.851080
vn 0.421983 -0.147703 0.894491
vn 0.554586 -0.122813 0.823014
vn 0.979543 -0.130512 -0.153174
vn 0.620414 -0.085869 -0.779559
vn 0.686862 -0.106059 0.719007
vn 0.556454 -0.406190 0.724823
vn -0.434158 0.097281 0.895569
vn -0.436245 0.059810 0.897838
vn -0.379948 -0.097508 -0.919854
vn -0.625110 -0.090745 -0.775244
vn -0.655977 0.145450 -0.740633
vn -0.398964 0.070054 -0.914287
vn -0.403872 0.115847 0.907451
vn -0.426417 0.077814 0.901174
vn -0.424201 0.177740 -0.887954
vn -0.672875 0.223702 -0.705122
vn -0.673507 0.241921 -0.698471
vn -0.446607 0.245485 -0.860395
vn -0.976178 0.216422 0.015447
vn -0.731700 0.138159 0.667479
vn -0.800371 0.170285 0.574813
vn -0.970974 0.234753 -0.045835
vn -0.434175 -0.090042 0.896317
vn -0.402794 0.055582 0.913602
vn -0.423528 0.061152 -0.903817
vn -0.686964 0.025967 -0.726228
vn -0.707460 -0.167629 -0.686587
vn -0.416570 -0.150103 -0.896626
vn -0.999423 0.032889 0.008537
vn -0.827876 0.065054 0.557127
vn -0.811391 -0.079935 0.579012
vn -0.990711 -0.102983 0.088805
vn -0.477989 -0.138176 0.867429
vn -0.399335 0.187200 0.897490
vn -0.009085 0.442231 0.896855
vn -0.457068 -0.140606 0.878248
vn -0.387036 -0.216732 -0.896231
vn -0.718432 -0.218195 -0.660490
vn -0.559956 -0.243546 -0.791918
vn -0.344565 -0.205709 -0.915947
vn -0.982915 -0.154179 0.100538
vn -0.811935 -0.152016 0.563607
vn -0.749044 -0.186944 0.635598
vn -0.979474 -0.171701 0.105592
vn -0.399594 0.122788 0.908432
vn -0.439922 0.154311 -0.884679
vn -0.670864 0.152355 -0.725761
vn -0.980991 0.183997 -0.061664
vn -0.827486 0.165354 0.536586
vn -0.017464 0.616662 0.787034
vn -0.945253 -0.013644 -0.326052
vn -0.923778 0.189112 -0.332973
vn -0.538351 0.100047 0.836761
vn -0.305377 0.764402 0.567834
vn -0.220111 0.643243 0.733341
vn -0.293172 0.069928 -0.953499
vn -0.264228 0.082658 -0.960912
vn -0.208110 0.489939 -0.846552
vn -0.217833 0.642263 -0.734879
vn -0.247718 0.391441 -0.886233
vn -0.208300 0.977914 0.017195
vn -0.244936 -0.202861 -0.948079
vn -0.228596 -0.133850 -0.964276
vn -0.386212 -0.109873 -0.915843
vn 0.478031 -0.126652 0.869164
vn 0.591225 -0.196889 0.782105
vn -0.376096 0.056477 -0.924858
vn -0.197364 0.064897 -0.978180
vn -0.238940 -0.154078 -0.958733
vn -0.245138 0.135052 -0.960036
vn -0.235361 0.206002 -0.949826
vn -0.372461 0.152203 -0.915482
vn -0.315226 0.276049 -0.907981
vn 0.221224 0.152365 -0.963247
vn 0.336918 0.061715 -0.939509
vn 0.324158 0.055971 -0.944346
vn 0.424835 -0.811145 0.401944
vn 0.686802 -0.118211 0.717168
vn 0.668236 -0.033927 0.743175
vn 0.654529 -0.013822 0.755911
vn -0.210737 0.696047 0.686373
vn -0.723890 -0.094546 0.683406
vn -0.142988 0.871322 0.469416
vn 0.226030 -0.973885 -0.021412
vn 0.393742 -0.918393 0.039017
vn 0.379743 0.067580 -0.922620
vn 0.466267 0.074328 -0.881516
vn 0.476222 -0.509613 -0.716594
vn 0.358757 -0.309852 -0.880503
vn 0.261470 -0.965207 0.003088
vn 0.368182 -0.929730 0.006627
vn 0.352981 -0.934631 -0.043247
vn 0.243268 -0.967911 0.063000
vn 0.120009 -0.992218 0.033189
vn 0.057736 -0.997918 -0.028746
vn 0.140005 -0.988413 0.058637
vn 0.073579 0.841079 0.535885
vn -0.176561 0.980267 0.088903
vn -0.134884 0.876568 -0.461989
vn -0.145176 0.961893 0.231704
vn 0.014667 0.718676 -0.695191
vn -0.033088 0.814756 -0.578859
vn -0.442961 0.882138 0.160055
vn -0.190062 0.981762 -0.004565
vn -0.503779 0.863454 0.025576
vn -0.448245 0.820617 -0.354492
vn -0.152280 0.966376 -0.207191
vn 0.319948 0.643084 0.695756
vn 0.124345 0.820338 0.558197
vn -0.906302 -0.402690 0.128289
vn -0.067452 0.047519 -0.996590
vn -0.411104 0.670909 -0.617151
vn -0.310461 0.600408 0.736969
vn -0.026233 0.062163 0.997721
vn 0.061488 -0.940062 0.335414
vn 0.079012 -0.996592 0.023677
vn 0.166186 -0.906720 -0.387609
vn -0.041870 0.052821 -0.997726
vn -0.287961 0.746232 -0.600181
vn -0.272591 0.731300 0.625215
vn -0.034261 0.012274 0.999338
vn 0.140644 -0.894885 -0.423556
vn 0.185275 -0.959042 0.214272
vn -0.739075 -0.365590 0.565784
vn -0.080375 0.091910 -0.992518
vn -0.352473 0.592455 -0.724403
vn -0.342866 0.560539 0.753816
vn -0.043407 -0.047483 0.997929
vn 0.116840 -0.985799 0.120616
vn 0.147865 -0.883129 -0.445218
vn 0.157028 -0.872239 0.463186
vn -0.026940 0.124301 -0.991879
vn -0.227553 0.754676 -0.615373
vn -0.204616 0.690351 0.693937
vn 0.007610 -0.029918 0.999523
vn 0.102519 -0.837831 -0.536217
vn 0.110666 -0.859392 0.499198
vn -0.561163 -0.093840 -0.822369
vn -0.102619 0.096198 -0.990058
vn -0.394982 0.535029 -0.746815
vn -0.423347 0.534780 0.731292
vn -0.009745 -0.104377 0.994490
vn 0.155531 -0.987820 0.004598
vn 0.113985 -0.880951 -0.459274
vn 0.157338 -0.838797 0.521215
vn -0.032096 0.145429 -0.988848
vn -0.260493 0.703212 -0.661541
vn -0.241917 0.671874 0.700044
vn 0.056817 -0.105497 0.992795
vn 0.143932 -0.867662 -0.475863
vn 0.169188 -0.888413 0.426730
vn -0.039111 0.087969 -0.995355
vn -0.079896 0.070869 -0.994281
vn -0.384155 0.539623 -0.749154
vn -0.308161 0.506685 -0.805175
vn -0.454124 0.544608 0.705105
vn -0.003141 -0.136383 0.990651
vn 0.149185 -0.822012 0.549582
vn -0.033503 0.088163 -0.995543
vn -0.321060 0.658085 -0.681061
vn -0.275369 0.580858 0.766013
vn 0.052730 -0.164943 0.984893
vn 0.062291 -0.569790 -0.819426
vn 0.116512 -0.630448 -0.767438
vn 0.195353 -0.795540 0.573545
vn -0.016347 0.036739 -0.999191
vn -0.173546 0.890462 -0.420666
vn -0.172354 0.871330 0.459433
vn -0.039131 0.009572 0.999188
vn 0.079076 -0.873617 -0.480146
vn 0.070618 -0.896966 0.436423
vn 0.152303 -0.917724 0.366861
vn -0.031054 0.128201 -0.991262
vn -0.175706 0.851852 -0.493432
vn -0.166434 0.821354 0.545598
vn -0.001521 -0.059519 0.998226
vn 0.070749 -0.821505 -0.565796
vn 0.085772 -0.898143 0.431256
vn -0.068455 0.099454 -0.992685
vn -0.208577 0.853224 -0.478021
vn -0.185669 0.765638 0.615894
vn 0.023495 -0.146116 0.988989
vn 0.147667 -0.817178 -0.557149
vn 0.169784 -0.890041 0.423086
vn -0.007040 0.102486 -0.994710
vn -0.193306 0.823629 -0.533168
vn -0.179434 0.751814 0.634492
vn 0.046944 -0.162507 0.985590
vn 0.174701 -0.850422 0.496248
vn 0.138545 -0.680919 -0.719135
vn -0.119116 -0.088793 -0.988902
vn -0.004151 -0.759836 -0.650101
vn -0.315329 -0.809335 -0.495525
vn -0.544553 -0.564600 -0.620233
vn -0.693981 0.614948 -0.374473
vn -0.218545 0.890120 -0.399905
vn -0.783379 0.528451 0.327196
vn -0.248871 0.896800 0.365804
vn -0.628529 -0.558132 0.541701
vn -0.171198 -0.075085 0.982372
vn -0.351146 -0.856889 0.377410
vn -0.012884 -0.888660 0.458386
vn -0.159691 0.023085 -0.986897
vn 0.035433 -0.760197 -0.648726
vn -0.332431 -0.861794 -0.383146
vn -0.620599 -0.517789 -0.588856
vn -0.715075 0.629272 -0.304442
vn -0.221148 0.868014 -0.444573
vn -0.718668 0.624040 0.306744
vn -0.208133 0.841667 0.498274
vn -0.586456 -0.584082 0.561175
vn -0.127972 -0.142080 0.981548
vn -0.305936 -0.894412 0.326236
vn 0.052467 -0.843104 0.535185
vn -0.208169 0.018283 -0.977922
vn -0.057186 -0.848365 -0.526314
vn -0.340703 -0.827302 -0.446646
vn -0.627869 -0.579247 -0.519859
vn -0.879786 0.295948 -0.372009
vn -0.270516 0.900671 -0.340020
vn -0.798970 0.353707 0.486353
vn -0.232221 0.843407 0.484498
vn -0.519744 -0.662671 0.539197
vn -0.126193 -0.282731 0.950862
vn -0.288022 -0.884059 0.368080
vn -0.009181 -0.847383 0.530903
vn -0.132657 -0.037249 -0.990462
vn 0.013780 -0.700793 -0.713231
vn -0.295933 -0.730661 -0.615271
vn -0.471066 -0.433444 -0.768260
vn -0.571594 0.699728 -0.428557
vn -0.228348 0.798543 -0.556944
vn -0.571485 0.654205 0.495399
vn -0.223378 0.737732 0.637067
vn -0.420739 -0.564444 0.710198
vn -0.096133 -0.333226 0.937934
vn -0.249944 -0.859906 0.445072
vn 0.041344 -0.831628 0.553791
vn 0.117970 -0.531712 -0.838669
vn 0.016132 -0.999777 -0.013639
vn 0.539745 0.045484 0.840599
vn 0.209810 0.723933 0.657191
vn -0.008707 0.716859 0.697164
vn 0.323896 0.060640 0.944147
vn -0.461924 -0.176921 0.869094
vn -0.492551 0.727447 0.477718
vn -0.508532 0.727169 -0.461107
vn -0.476847 -0.146022 -0.866772
vn 0.397672 -0.710893 0.580076
vn 0.243585 -0.834942 0.493495
vn -0.550913 0.655777 -0.516189
vn -0.173170 0.753732 0.633956
vn 0.158251 0.018090 0.987233
vn 0.230059 -0.827285 0.512516
vn -0.012413 -0.853819 -0.520422
vn -0.260597 -0.073553 -0.962642
vn -0.411601 0.799670 -0.437164
vn -0.210277 0.785519 0.582016
vn 0.006963 -0.057082 0.998345
vn 0.193714 -0.811911 0.550704
vn 0.014126 -0.845386 -0.533969
vn -0.095367 -0.896768 0.432103
vn -0.130153 -0.847357 -0.514826
vn 0.630715 0.091514 0.770600
vn -0.977076 -0.017315 0.212187
vn -0.493703 0.023907 0.869302
vn -0.546164 0.155762 0.823069
vn -0.964419 0.241184 0.108284
vn 0.332814 -0.001599 0.942991
vn 0.401010 0.148953 0.903883
vn 0.876105 -0.162041 0.454073
vn 0.925834 -0.049016 0.374739
vn 0.909670 -0.004097 0.415311
vn 0.853466 0.082067 0.514646
vn 0.998123 -0.028477 -0.054217
vn 0.996722 -0.042070 -0.069102
vn 0.509050 -0.114639 -0.853068
vn 0.428136 0.059446 -0.901757
vn -0.462512 -0.157317 -0.872545
vn -0.428995 0.093981 -0.898405
vn -0.758180 -0.182577 -0.625962
vn -0.796727 0.148750 -0.585746
vn -0.844428 -0.247342 -0.475146
vn -0.876128 0.280400 -0.392142
vn -0.909220 0.410759 0.067791
vn -0.414868 0.581815 0.699554
vn -0.460865 -0.087173 0.883179
vn -0.944081 -0.086748 0.318096
vn 0.568299 0.195606 0.799234
vn 0.393507 -0.116849 0.911865
vn 0.899746 0.006558 0.436365
vn 0.864016 -0.136211 0.484689
vn 0.998714 -0.027891 -0.042344
vn 0.989805 -0.110025 -0.090447
vn 0.534831 0.068769 -0.842156
vn 0.514461 -0.075165 -0.854213
vn -0.316425 0.159006 -0.935196
vn -0.271285 -0.089186 -0.958358
vn -0.806775 0.210050 -0.552262
vn -0.868864 -0.100461 -0.484750
vn -0.915211 -0.187970 0.356448
vn -0.952269 -0.161819 0.258839
vn -0.476112 -0.200021 0.856335
vn -0.424696 -0.199162 0.883158
vn 0.232121 -0.231330 0.944779
vn 0.303304 -0.164051 0.938666
vn 0.847142 -0.217887 0.484640
vn 0.888847 -0.092136 0.448846
vn 0.957608 -0.133603 -0.255221
vn 0.952710 -0.019815 -0.303236
vn 0.505027 -0.050118 -0.861647
vn 0.456840 0.011666 -0.889472
vn -0.250164 -0.024865 -0.967884
vn -0.323890 -0.032371 -0.945541
vn -0.859547 -0.080419 -0.504690
vn -0.901283 -0.121707 -0.415785
vn -0.257055 0.771867 0.581502
vn -0.534997 0.837277 0.112900
vn 0.317382 0.666038 0.675028
vn 0.000000 -1.000000 -0.000000
vn 0.000000 -1.000000 -0.000000
vn 0.002322 -0.999997 -0.000149
vn 0.000021 -0.999999 0.001476
vn 0.001583 -0.999998 0.001342
vn 0.000000 -1.000000 0.000000
vn 0.000000 -1.000000 0.000000
vn -0.885514 0.287292 -0.365141
vn -0.913448 -0.152958 -0.377117
vn 0.881413 -0.037125 0.470886
vn 0.853542 0.211458 0.476184
vn -0.050437 0.994114 0.095883
vn -0.413687 0.905739 -0.092191
vn 0.551886 0.737213 0.389794
vn 0.926616 -0.116755 0.357423
vn 0.894990 0.149824 0.420174
vn 0.595766 0.669670 0.443402
vn -0.123655 0.969164 0.213143
vn -0.525499 0.847694 -0.072569
vn -0.877768 0.315778 -0.360289
vn -0.887365 -0.219607 -0.405408
vn -0.443478 -0.189745 0.875970
vn -0.845999 -0.447214 0.290319
vn -0.301644 -0.462113 -0.833944
vn 0.402421 -0.168746 -0.899768
vn 0.954993 -0.227770 -0.190026
vn 0.864057 -0.315793 0.392021
vn 0.439644 -0.259814 0.859773
vn -0.269781 -0.786816 0.555103
vn -0.403762 -0.763500 0.504028
vn -0.698258 -0.712813 0.065834
vn 0.204109 -0.846339 0.491985
vn 0.110381 -0.833160 0.541904
vn 0.484224 -0.859607 0.163106
vn 0.454693 -0.861365 0.226506
vn 0.507383 -0.824439 -0.250725
vn 0.519843 -0.833787 -0.185908
vn 0.234457 -0.767101 -0.597149
vn 0.304777 -0.779680 -0.547001
vn -0.131704 -0.729078 -0.671640
vn -0.781066 -0.470869 -0.410144
vn -0.562701 -0.702958 -0.434991
vn 0.179459 -0.124958 0.975797
vn -0.478757 -0.199728 0.854927
vn 0.833291 0.016545 0.552586
vn 0.968931 0.092664 -0.229317
vn 0.478178 0.073558 -0.875177
vn -0.326007 -0.039258 -0.944552
vn -0.894865 -0.145843 -0.421836
vn -0.929360 -0.200361 0.310072
vn -0.018975 0.999685 -0.016401
vn -0.015603 0.999819 0.010916
vn 0.022708 0.996594 -0.079275
vn 0.045288 0.995413 -0.084270
vn 0.051531 0.995402 0.080747
vn 0.086999 0.992830 0.081971
vn 0.149120 0.988749 -0.011814
vn 0.147366 0.988882 -0.019903
vn 0.066550 0.993498 -0.092373
vn 0.066822 0.993480 -0.092368
vn 0.011228 0.998276 -0.057616
vn 0.009196 0.999267 -0.037164
vn 0.047308 0.998816 0.011329
vn 0.067669 0.997639 0.011727
vn 0.102983 0.994188 -0.031379
vn 0.099876 0.993689 -0.051052
vn 0.005303 -0.999986 -0.000341
vn 0.000045 -0.999995 0.003110
vn 0.003279 -0.999991 0.002652
vn 0.000000 -1.000000 -0.000000
vn -0.000000 -1.000000 -0.000000
vn 0.000000 -1.000000 -0.000000
vn -0.000000 -1.000000 0.000000
vn -0.000000 -1.000000 -0.000000
vn 0.000000 -1.000000 0.000000
vn -0.000000 -1.000000 0.000000
vn -0.000000 -1.000000 0.000000
vn 0.000000 -1.000000 0.000000
vn 0.000000 0.000000 0.000000
vn 0.000000 0.000000 0.000000
vn 0.000000 0.000000 0.000000
vn 0.000000 0.000000 0.000000
vn 0.000000 0.000000 0.000000
vn 0.000000 0.000000 0.000000
vn 0.000000 0.000000 0.000000
vn 0.000000 0.000000 0.000000
vn 0.000000 0.000000 0.000000
vn 0.000000 0.000000 0.000000
vn 0.000000 0.000000 0.000000
vn 0.000000 0.000000 0.000000
vn 0.000000 0.000000 0.000000
vn 0.000000 0.000000 0.000000
vn 0.000000 0.000000 0.000000
vn 0.000000 0.000000 0.000000
vn 0.000000 0.000000 0.000000
vn 0.000000 0.000000 0.000000
vn 0.000000 0.000000 0.000000
vn 0.000000 0.000000 0.000000
vn 0.000000 0.000000 0.000000
vn 0.000000 0.000000 0.000000
vn 0.000000 0.000000 0.000000
vn 0.000000 0.000000 0.000000
vn 0.000000 0.000000 0.000000
vn 0.000000 0.000000 0.000000
vn 0.000000 0.000000 0.000000
vn 0.000000 0.000000 0.000000
vn 0.000000 0.000000 0.000000
vn 0.000000 0.000000 0.000000
vn 0.000000 0.000000 0.000000
vn 0.000000 0.000000 0.000000
vn 0.000000 0.000000 0.000000
vn 0.000000 0.000000 0.000000
vn 0.000000 0.000000 0.000000
vn 0.000000 0.000000 0.000000
vn 0.000000 0.000000 0.000000
vn 0.000000 0.000000 0.000000
vn 0.000000 0.000000 0.000000
vn 0.000000 0.000000 0.000000
vn 0.000000 0.000000 0.000000
vn 0.000000 0.000000 0.000000
vn 0.000000 0.000000 0.000000
vn 0.000000 0.000000 0.000000
vn 0.000000 0.000000 0.000000
vn 0.000000 0.000000 0.000000
vn 0.000000 0.000000 0.000000
vn 0.000000 0.000000 0.000000
vn 0.000000 0.000000 0.000000
vn 0.000000 0.000000 0.000000
vn 0.000000 0.000000 0.000000
vn 0.000000 0.000000 0.000000
vn 0.000000 0.000000 0.000000
vn 0.000000 0.000000 0.000000
vn 0.000000 0.000000 0.000000
vn 0.000000 0.000000 0.000000
vn -0.954970 0.107140 0.276685
vn -0.980573 0.073758 0.181760
vn -0.578518 -0.005096 0.815654
vn -0.628482 0.012967 0.777717
vn -0.307506 -0.159201 -0.938134
vn -0.364730 0.209640 -0.907206
vn -0.605330 0.099289 0.789758
vn -0.962858 0.148084 0.225778
vn -0.750777 0.239309 -0.615683
vn -0.794686 0.001175 -0.607020
vn -0.506548 -0.200034 0.838687
vn 0.301529 -0.199985 0.932248
vn 0.249585 -0.200461 0.947377
vn -0.501183 -0.182382 0.845903
vn 0.926257 -0.105655 0.361780
vn 0.888149 -0.128241 0.441300
vn 0.926934 -0.019892 -0.374696
vn 0.952057 -0.027505 -0.304682
vn 0.428546 0.064005 -0.901250
vn 0.486032 0.074899 -0.870726
vn -0.307444 0.090220 -0.947280
vn -0.298183 0.114772 -0.947584
vn -0.867572 0.026882 -0.496584
vn -0.884783 0.049044 -0.463415
vn -0.959878 -0.097321 0.262989
vn -0.951857 -0.080257 0.295849
vn 0.189686 -0.147550 0.970695
vn 0.085693 -0.189707 0.978094
vn -0.553019 -0.056001 0.831285
vn 0.823991 -0.163121 0.542614
vn 0.630433 -0.278581 0.724532
vn 0.973344 -0.092168 -0.210017
vn 0.973226 -0.126865 -0.191666
vn 0.541626 0.020785 -0.840362
vn 0.388290 -0.363090 -0.846993
vn -0.210951 0.108394 -0.971468
vn -0.218097 -0.138131 -0.966102
vn -0.836634 0.122371 -0.533919
vn -0.835599 0.000948 -0.549339
vn -0.976051 0.055365 0.210378
vn 0.228973 -0.191795 0.954351
vn -0.532689 -0.129179 0.836394
vn 0.849493 -0.160493 0.502597
vn 0.967171 -0.046432 -0.249850
vn 0.501714 0.087177 -0.860630
vn -0.244857 0.147811 -0.958226
vn -0.848929 0.109883 -0.516958
vn -0.974163 -0.006339 0.225755
vn -0.990697 0.022576 -0.134198
vn 0.834212 -0.529344 0.154550
vn 0.834212 -0.529344 0.154550
vn 0.812490 -0.580599 -0.052582
vn 0.829528 -0.535375 0.158928
vn 0.659520 -0.749792 0.053337
vn -0.120439 -0.184997 0.975331
vn -0.274112 0.161228 0.948087
vn -0.244967 0.009755 0.969482
vn -0.595433 0.186356 0.781493
vn -0.955424 0.183506 0.231281
vn -0.721366 0.336868 -0.605104
s off
g full_model
usemtl blinn2SG
f 2/14/1 1/44/2 6/42/3 5/15/4
f 3/43/5 2/14/6 8/19/7 7/40/8
f 5/15/9 4/41/10 12/38/11 11/18/12
f 9/39/13 8/19/14 11/18/15 10/37/16
f 2/14/17 5/15/18 11/18/19 8/19/20
f 1/44/21 2/14/22 3/43/23
f 4/41/24 5/15/25 6/42/26
f 7/40/27 8/19/28 9/39/29
f 10/37/30 11/18/31 12/38/32
s 1
f 14/11/33 15/1/34 20/4/35 21/8/36
f 18/9/37 19/3/38 16/2/39 17/10/40
f 15/1/41 16/28/42 19/27/43 20/4/44
f 21/8/45 18/9/46 17/10/47 14/11/48
f 22/13/49 23/26/50 19/3/38 18/9/37
f 20/4/44 19/27/43 23/5/50 24/6/51
f 21/8/36 20/4/35 24/6/51 25/12/52
f 25/12/52 22/13/49 18/9/46 21/8/45
f 13/7/53 23/26/50 22/13/49
f 24/6/51 23/5/50 13/7/53
f 25/12/52 24/6/51 13/7/53
f 13/7/53 22/13/49 25/12/52
s off
f 1/24/54 3/16/55 27/35/56 26/36/57
f 6/25/58 1/24/59 26/36/60 28/34/61
f 3/16/62 7/45/63 29/46/64 27/35/65
f 4/17/66 6/25/67 28/34/68 30/33/69
f 12/21/70 4/17/71 30/33/72 31/30/73
f 7/20/74 9/22/75 32/31/76 29/32/77
f 9/22/78 10/23/79 33/29/80 32/31/81
f 10/23/82 12/21/83 31/30/84 33/29/85
f 34/47/86 31/48/87 30/49/88
f 33/50/89 34/47/90 32/51/91
f 34/47/92 28/52/93 26/53/94
f 29/54/95 34/47/96 27/55/97
f 31/48/98 34/47/99 33/50/100
f 28/52/101 34/47/102 30/49/103
f 32/51/104 34/47/105 29/54/106
f 27/55/107 34/47/108 26/53/109
s 5
f 142/56/110 143/57/111 43/58/112
s off
f 147/59/113 144/60/114 146/61/115 145/62/116
f 144/60/117 143/57/118 148/63/119
s 5
f 143/57/120 249/64/121 149/65/122 148/63/123
f 150/66/124 152/67/125 146/61/126 151/68/127
s off
f 151/68/128 146/61/129 144/60/130
s 8
f 152/67/131 150/66/132 153/69/133
s off
f 151/68/134 144/60/135 154/70/136
f 154/70/137 155/71/138 150/66/139 151/68/140
f 155/71/141 157/72/142 156/73/143 150/66/144
f 158/74/145 159/75/146 156/73/147 157/72/148
f 160/76/149 161/77/150 159/75/151 158/74/152
s 5
f 162/78/153 161/77/154 160/76/155 163/79/156
f 163/79/157 165/80/158 164/81/159 162/78/153
f 166/82/160 167/83/161 164/81/159 165/80/158
s off
f 155/71/162 169/84/163 168/85/164 157/72/165
f 170/86/166 169/84/167 155/71/168 154/70/169
f 170/86/170 154/70/171 144/60/172
f 171/87/173 170/86/174 144/60/175
f 171/87/176 144/60/177 172/88/178
f 173/89/179 172/88/180 144/60/181
f 174/90/182 171/87/183 172/88/184 175/91/185
f 173/89/186 176/92/187 175/91/188 172/88/189
f 171/87/190 174/90/191 169/84/192 170/86/193
f 144/60/194 148/63/195 177/93/196
f 144/60/197 177/93/198 178/94/199
f 178/94/200 179/95/201 144/60/202
f 144/60/203 179/95/204 180/96/205
f 144/60/206 180/96/207 173/89/208
f 180/96/209 181/97/210 176/92/211 173/89/212
f 181/97/213 180/96/214 179/95/215 182/98/216
f 183/99/217 182/98/218 179/95/219 178/94/220
f 177/93/221 184/100/222 183/99/223 178/94/224
f 184/100/225 177/93/226 148/63/227
f 148/63/228 186/101/229 185/102/230 184/100/231
f 186/101/232 188/103/233 187/104/234 185/102/235
f 187/104/236 188/103/237 190/105/238 189/106/239
f 190/105/240 192/107/241 191/108/242 189/106/243
s 5
f 192/107/244 194/109/245 193/110/246 191/108/247
f 195/111/248 196/112/249 193/110/250 194/109/251
s off
f 183/99/252 184/100/253 185/102/254 197/113/255
f 182/98/256 183/99/257 197/113/258 198/114/259
f 181/97/260 182/98/261 198/114/262 199/115/263
f 200/116/264 176/92/265 181/97/266 199/115/267
f 176/92/268 200/116/269 201/117/270 175/91/271
f 174/90/272 175/91/273 201/117/274 202/118/275
f 202/118/276 168/85/277 169/84/278 174/90/279
f 203/119/280 200/116/281 199/115/282 204/120/283
f 205/121/284 201/117/285 200/116/286 203/119/287
f 204/120/288 199/115/289 198/114/290 206/122/291
f 201/117/292 205/121/293 207/123/294 202/118/295
f 197/113/296 208/124/297 206/122/298 198/114/299
f 209/125/300 168/85/301 202/118/302 207/123/303
f 205/121/304 203/119/305 211/126/306 210/127/307
f 212/128/308 211/126/309 203/119/310 204/120/311
f 208/124/312 214/129/313 213/130/314 206/122/315
f 206/122/316 213/130/317 215/131/318 204/120/319
f 216/132/320 217/133/321 209/125/322 207/123/323
f 218/134/324 216/132/325 207/123/326 205/121/327
f 212/128/328 204/120/329 215/131/330
f 218/134/331 205/121/332 210/127/333
f 211/126/334 212/128/335 220/135/336 219/136/337
f 210/127/338 211/126/339 219/136/340 221/137/341
f 221/137/342 222/138/343 218/134/344 210/127/345
f 216/132/346 218/134/347 222/138/348 223/139/349
f 216/132/350 223/139/351 224/140/352
f 217/133/353 216/132/354 224/140/355 225/141/356
s 5
f 226/142/357 224/140/358 223/139/359
s off
f 212/128/360 215/131/361 227/143/362 220/135/363
f 228/144/364 227/143/365 215/131/366 213/130/367
f 228/144/368 213/130/369 229/145/370
s 5
f 228/144/371 229/145/372 230/146/373
s off
f 231/147/374 229/145/375 213/130/376 214/129/377
s 5
f 35/148/378 36/149/379 37/150/380
f 242/151/381 243/152/382 38/153/383 39/154/384
f 42/155/385 40/156/386 245/157/387 41/158/388
f 43/159/112 42/155/385 41/158/388
f 38/153/389 244/160/390 245/157/387
f 242/151/381 246/161/391 37/150/392
f 37/150/392 246/161/391 247/162/393 248/163/394
f 49/164/395 47/165/396 40/156/386 48/166/397
f 47/165/396 50/167/398 38/153/399 40/156/386
s 8
f 48/166/400 51/168/401 49/164/402
s 5
f 52/169/403 241/170/404 233/171/405 234/172/406
f 52/169/403 53/173/407 240/174/408 241/170/404
f 53/173/407 52/169/403 55/175/409 54/176/410
f 47/165/396 57/177/411 56/178/412 50/167/398
f 57/177/411 47/165/396 49/164/395 58/179/413
f 58/179/413 49/164/414 59/180/415 60/181/416
f 62/182/417 60/181/416 59/180/415 61/183/418
f 64/184/419 62/182/417 61/183/418 63/185/420
f 66/186/421 65/187/422 64/184/419 63/185/420
f 65/187/422 66/186/421 67/188/423 68/189/424
f 70/190/425 68/189/424 67/188/423 69/191/426
f 58/179/413 60/181/416 71/192/427 72/193/428
f 73/194/429 57/177/411 58/179/413 72/193/428
f 73/194/429 74/195/430 56/178/412 57/177/411
f 236/196/431 237/197/432 232/198/433 234/172/406
f 76/199/434 75/200/435 74/195/430 73/194/429
f 237/197/432 238/201/436 78/202/437 232/198/433
f 77/203/438 238/201/436 75/200/435
f 76/199/434 80/204/439 77/203/438 75/200/435
f 81/205/440 79/206/441 77/203/438 80/204/439
f 83/207/442 82/208/443 80/204/439 76/199/434
f 81/205/440 80/204/439 82/208/443 84/209/444
f 76/199/434 73/194/429 72/193/428 83/207/442
f 54/176/410 55/175/409 235/210/445 85/211/446
f 79/206/441 86/212/447 235/210/445 78/202/437
f 239/213/448 240/174/408 53/173/407 87/214/449
f 54/176/410 88/215/450 87/214/449 53/173/407
f 88/215/450 54/176/410 85/211/446 89/216/451
f 85/211/446 86/212/447 90/217/452 89/216/451
f 79/206/441 81/205/440 90/217/452 86/212/447
f 90/217/452 81/205/440 84/209/444 91/218/453
f 91/218/453 92/219/454 89/216/451 90/217/452
f 93/220/455 88/215/450 89/216/451 92/219/454
f 87/214/449 88/215/450 93/220/455 94/221/456
f 94/221/456 45/222/457 239/213/448 87/214/449
f 45/222/457 94/221/456 95/223/458 96/224/459
f 96/224/459 95/223/458 97/225/460 98/226/461
f 97/225/460 99/227/462 100/228/463 98/226/461
f 100/228/463 99/227/462 101/229/464 102/230/465
f 102/230/465 101/229/464 103/231/466 104/232/467
f 106/233/468 104/232/467 103/231/466 105/234/469
f 93/220/455 107/235/470 95/223/458 94/221/456
f 92/219/454 108/236/471 107/235/470 93/220/455
f 91/218/453 109/237/472 108/236/471 92/219/454
f 110/238/473 109/237/472 91/218/453 84/209/444
f 84/209/444 82/208/443 111/239/474 110/238/473
f 83/207/442 112/240/475 111/239/474 82/208/443
f 112/240/475 83/207/442 72/193/428 71/192/427
f 114/241/476 113/242/477 109/237/478 110/238/473
f 115/243/479 114/241/476 110/238/473 111/239/474
f 113/242/477 116/244/480 108/236/471 109/237/478
f 111/239/474 112/240/475 117/245/481 115/243/479
f 107/235/470 108/236/471 116/244/480 118/246/482
f 119/247/483 117/245/481 112/240/475 71/192/427
f 115/243/479 120/248/484 121/249/485 114/241/476
f 122/250/486 113/242/477 114/241/476 121/249/485
f 118/246/482 116/244/480 123/251/487 124/252/488
f 116/244/480 113/242/477 125/253/489 123/251/487
f 127/254/490 117/245/481 119/247/483 126/255/491
f 128/256/492 115/243/479 117/245/481 127/254/490
f 122/250/486 125/253/489 113/242/477
f 128/256/492 120/248/484 115/243/479
f 121/249/485 129/257/493 130/258/494 122/250/486
f 120/248/484 131/259/495 129/257/496 121/249/485
f 131/259/495 120/248/484 128/256/492 132/260/497
f 127/254/490 133/261/498 132/260/497 128/256/492
f 127/254/490 134/262/499 133/261/498
f 126/255/491 135/263/500 134/262/499 127/254/490
f 136/264/501 133/261/498 134/262/499
f 122/250/486 130/258/494 137/265/502 125/253/489
f 138/266/503 123/251/487 125/253/489 137/265/502
f 138/266/503 139/267/504 123/251/487
f 138/266/503 140/268/505 139/267/504
f 141/269/506 124/252/488 123/251/487 139/267/504
f 35/148/378 142/270/110 43/159/112 36/149/379
f 37/150/380 143/271/111 142/270/110 35/148/378
f 42/155/385 145/272/507 146/273/508 40/156/386
f 43/159/112 147/274/509 145/272/510 42/155/385
s off
f 45/222/511 148/275/512 149/276/513 46/277/514
s 5
f 46/277/515 149/276/122 249/278/121 248/163/394
f 40/156/386 146/273/126 152/279/125 48/166/397
s off
f 48/166/516 152/279/517 153/280/518 51/168/519
s 8
f 51/168/401 153/280/133 150/281/132 49/164/402
s 5
f 49/164/414 150/281/520 156/282/521 59/180/415
f 62/182/417 158/283/522 157/284/523 60/181/416
f 59/180/415 156/282/524 159/285/525 61/183/418
f 64/184/419 160/286/526 158/283/527 62/182/417
f 61/183/418 159/285/528 161/287/154 63/185/420
f 65/187/422 163/288/529 160/286/530 64/184/419
f 63/185/420 161/287/154 162/289/153 66/186/421
f 66/186/421 162/289/153 164/290/159 67/188/423
f 68/189/424 165/291/531 163/288/532 65/187/422
f 70/190/425 166/292/533 165/291/531 68/189/424
f 67/188/423 164/290/159 167/293/161 69/191/426
f 69/191/426 167/293/161 166/292/534 70/190/425
s off
f 60/181/535 157/284/536 168/294/537 71/192/538
f 96/224/539 186/295/540 148/275/541 45/222/542
f 95/223/543 185/296/544 187/297/545 97/225/546
s 5
f 98/226/461 188/298/547 186/295/548 96/224/459
s off
f 97/225/549 187/297/550 189/299/551 99/227/552
s 5
f 100/228/463 190/300/553 188/298/554 98/226/461
s off
f 99/227/555 189/299/556 191/301/557 101/229/558
s 5
f 102/230/465 192/302/559 190/300/560 100/228/463
f 101/229/464 191/301/247 193/303/246 103/231/466
f 104/232/467 194/304/251 192/302/561 102/230/562
f 106/233/468 195/305/248 194/304/251 104/232/467
f 103/231/466 193/303/246 196/306/563 105/234/469
f 105/234/469 196/306/564 195/305/248 106/233/468
s off
f 107/235/565 197/307/566 185/296/567 95/223/568
f 118/246/569 208/308/570 197/307/571 107/235/572
f 71/192/573 168/294/574 209/309/575 119/247/576
f 124/252/577 214/310/578 208/308/579 118/246/580
f 119/247/581 209/309/582 217/311/583 126/255/584
s 5
f 129/257/493 219/312/585 220/313/586 130/258/494
s off
f 131/259/587 221/314/588 219/312/589 129/257/590
s 5
f 132/260/497 222/315/591 221/314/592 131/259/495
f 133/261/498 223/316/593 222/315/594 132/260/497
f 126/255/491 217/311/595 225/317/596 135/263/500
f 135/263/500 225/317/597 224/318/598 134/262/499
f 136/264/501 226/319/357 223/316/359 133/261/498
f 134/262/499 224/318/599 226/319/357 136/264/501
f 130/258/494 220/313/600 227/320/601 137/265/502
s off
f 137/265/602 227/320/603 228/321/604 138/266/605
s 5
f 138/266/606 228/321/371 230/322/373 140/268/505
f 140/268/505 230/322/373 229/323/372 139/267/504
s off
f 141/269/607 231/324/608 214/310/609 124/252/610
f 139/267/611 229/323/612 231/324/613 141/269/614
s 5
f 55/175/409 232/198/433 78/202/437 235/210/445
f 50/167/398 236/196/431 234/172/406 233/171/405
f 52/169/403 234/172/406 232/198/433 55/175/409
f 235/210/445 86/212/447 85/211/446
f 50/167/398 233/171/405 38/153/383
f 74/195/430 237/197/432 236/196/431 56/178/412
f 75/200/435 238/201/436 237/197/432 74/195/430
f 56/178/412 236/196/431 50/167/398
f 44/325/615 240/174/408 239/213/448 45/222/616
f 241/170/404 240/174/408 44/325/615 39/154/384
f 233/171/405 241/170/404 39/154/384 38/153/383
f 38/153/383 243/152/382 244/160/390
s off
f 143/57/617 147/59/618 43/58/619
f 143/57/620 144/60/621 147/59/622
s 5
f 36/149/379 243/152/382 242/151/381 37/150/380
f 244/160/390 243/152/382 36/149/379 43/159/112
f 245/157/387 244/160/390 43/159/112 41/158/388
f 245/157/387 40/156/386 38/153/399
f 44/325/615 247/162/393 246/161/391
f 44/325/615 246/161/391 242/151/381 39/154/384
f 249/278/121 143/271/120 37/150/392 248/163/394
f 46/277/515 247/162/393 45/222/616
f 248/163/394 247/162/393 46/277/515
f 45/222/616 247/162/393 44/325/615
f 77/203/438 79/206/441 78/202/437 238/201/436
s 20
f 382/326/623 385/327/624 384/328/625 383/329/626
f 275/330/627 277/331/628 278/332/629 276/333/630
f 280/334/631 274/1816/632 279/336/633 281/337/634
f 280/334/631 281/337/634 277/331/628 275/330/627
f 280/334/631 282/338/635 283/339/636 274/335/632
f 274/335/632 283/339/636 284/340/637 276/1817/630
f 276/1817/630 284/340/637 285/341/638 275/330/627
f 275/330/627 285/341/638 282/338/635 280/334/631
f 360/342/639 288/343/640 287/344/641 352/345/642
f 358/346/643 290/347/644 326/348/645 359/349/646
f 356/350/647 292/351/648 348/352/649 357/353/650
f 355/354/651 295/355/652 292/351/648 356/350/647
f 295/355/652 355/354/651 354/356/653 296/357/654
f 353/358/655 298/359/656 296/357/654 354/356/653
f 298/359/656 353/358/655 352/345/642 287/344/641
f 327/360/657 326/348/645 290/347/644 361/361/658
f 313/362/659 335/363/660 287/344/641 288/343/640
f 303/364/661 304/365/662 296/357/654 302/366/663
f 292/351/648 295/355/652 305/367/664
f 303/364/661 308/368/665 307/369/666 304/365/662
f 304/365/662 307/369/666 306/370/667 305/367/664
f 306/370/667 266/371/668 265/372/669 305/367/664
f 292/351/648 253/373/670 264/374/671 348/352/649
f 309/375/672 303/364/661 302/366/663
f 298/359/656 301/376/673 302/366/663 296/357/654
f 307/369/666 311/377/674 310/378/675 306/370/667
f 308/368/665 312/379/676 311/377/674 307/369/666
f 315/380/677 318/381/678 329/382/679 365/383/680
f 319/384/681 318/381/678 254/385/682 255/386/683
f 318/381/678 319/384/681 330/387/684 329/382/679
f 312/379/676 250/388/685 324/389/686 311/377/674
f 320/390/687 319/384/681 255/386/683 256/391/688
f 330/387/684 319/384/681 320/390/687 331/392/689
f 321/393/690 320/390/687 256/391/688 257/394/691
f 331/392/689 320/390/687 321/393/690 332/395/692
f 332/395/692 321/393/690 322/396/693 333/397/694
f 369/398/695 333/397/694 322/396/693 370/399/696
f 310/378/675 346/400/697 269/401/698 267/402/699
f 326/348/645 288/343/640 360/342/639 359/349/646
f 327/360/657 313/362/659 288/343/640 326/348/645
f 365/383/680 329/382/679 364/403/700 366/404/701
f 301/376/673 334/405/702 276/406/630 278/407/629
f 334/405/702 301/376/673 298/359/656 287/344/641
f 335/363/660 314/408/703 334/405/702 287/344/641
f 317/409/704 362/410/705 316/411/706 373/412/707
f 336/413/708 316/411/706 323/414/709 337/415/710
f 336/413/708 338/416/711 279/417/633 274/418/632
f 339/419/712 338/416/711 336/413/708 337/415/710
f 323/414/709 342/420/713 337/415/710
f 337/415/710 342/420/713 261/421/714 262/422/715
f 323/414/709 363/423/716 341/424/717 342/420/713
f 250/388/685 263/425/718 324/389/686
f 251/426/719 345/427/720 279/417/633 338/416/711
f 252/428/721 251/426/722 386/429/723
f 338/416/711 339/419/712 251/426/722
f 251/426/722 339/419/712 386/429/723
f 296/357/654 304/365/662 305/367/664 295/355/652
f 310/378/675 311/377/674 324/389/686 346/400/697
f 363/423/716 323/414/709 316/411/706 362/410/705
f 290/347/644 358/346/643 357/353/650 348/352/649
f 370/399/696 322/396/693 258/430/724 271/431/725
f 300/432/726 349/433/727 350/434/728 315/380/677
f 315/380/677 350/434/728 270/435/729 268/436/730
f 361/361/658 290/347/644 348/352/649 351/437/731
f 353/358/655 299/438/732 286/439/733 352/345/642
f 299/438/732 353/358/655 354/356/653 297/440/734
f 355/354/651 294/441/735 297/440/734 354/356/653
f 294/441/735 355/354/651 356/350/647 293/442/736
f 347/443/737 293/442/736 356/350/647 357/353/650
f 358/346/643 291/444/738 347/443/737 357/353/650
f 291/444/738 358/346/643 359/349/646 325/445/739
f 360/342/639 289/446/740 325/445/739 359/349/646
f 289/446/740 360/342/639 352/345/642 286/439/733
f 301/376/673 278/407/629 309/375/672 302/366/663
f 351/437/731 349/433/727 300/432/726 361/361/658
f 300/432/726 328/447/741 327/360/657 361/361/658
f 328/447/741 317/409/704 313/362/659 327/360/657
f 371/448/742 368/449/743 367/450/744 372/451/745
f 369/398/695 368/449/743 371/448/742 333/397/694
f 366/404/701 317/409/704 328/447/741 365/383/680
f 317/409/704 366/404/701 367/450/744 362/410/705
f 368/449/743 363/423/716 362/410/705 367/450/744
f 363/423/716 368/449/743 369/398/695 341/424/717
f 370/399/696 340/452/746 341/424/717 369/398/695
f 328/447/741 300/432/726 315/380/677 365/383/680
f 343/453/747 309/375/672 278/407/629 344/454/748
f 372/451/745 367/450/744 366/404/701 364/403/700
f 313/362/659 317/409/704 373/412/707 335/363/660
f 347/443/737 291/444/738 325/445/739 376/455/749
f 299/438/732 297/440/734 375/456/750
f 376/455/749 325/445/739 289/446/740 377/457/751
f 297/440/734 294/441/735 374/458/752 375/456/750
f 294/441/735 293/442/736 374/458/752
f 286/439/733 299/438/732 375/456/750 377/457/751
f 374/458/752 376/455/749 377/457/751 375/456/750
f 286/439/733 377/457/751 289/446/740
f 293/442/736 347/443/737 376/455/749 374/458/752
f 378/459/753 345/427/720 344/454/748 278/407/629
f 345/427/720 378/459/753 279/417/633
f 281/337/634 279/336/633 378/460/753
f 276/406/630 334/405/702 314/408/703 274/418/632
f 314/408/703 335/363/660 373/412/707 274/418/632
f 277/331/628 281/337/634 378/460/753 278/461/629
f 316/411/706 336/413/708 274/418/632 373/412/707
f 372/451/745 381/462/754 380/463/755 371/448/742
f 333/397/694 371/448/742 380/463/755 332/395/692
f 332/395/692 380/463/755 381/462/754 331/392/689
f 331/392/689 381/462/754 379/464/756 330/387/684
f 330/387/684 379/464/756 364/403/700 329/382/679
f 364/403/700 379/464/756 381/462/754 372/451/745
f 262/422/715 502/465/757 337/415/710
f 502/465/757 517/466/758 516/467/759 337/415/710
f 516/467/759 339/419/712 337/415/710
f 386/429/723 511/468/760 510/469/761 512/470/762 508/471/763 252/428/721
f 282/338/635 382/326/623 383/329/626 283/339/636
f 283/339/636 383/329/626 384/328/625 284/340/637
f 284/340/637 384/328/625 385/327/624 285/341/638
f 285/341/638 385/327/624 382/326/623 282/338/635
f 261/421/714 342/420/713 260/472/764
f 260/472/764 342/420/713 340/452/746
f 342/420/713 341/424/717 340/452/746
f 266/371/668 306/370/667 310/378/675 267/402/699
f 254/385/682 318/381/678 315/380/677 268/436/730
f 258/430/724 322/396/693 321/393/690 257/394/691
f 260/472/764 340/452/746 259/473/765
f 269/401/698 346/400/697 324/389/686 263/425/718
f 270/435/729 350/434/728 349/433/727 272/474/766
f 253/373/670 292/351/648 305/367/664 265/372/669
f 259/473/765 340/452/746 370/399/696 271/431/725
f 273/475/767 351/437/731 348/352/649 264/374/671
f 272/474/766 349/433/727 351/437/731 273/475/767
f 339/419/712 516/467/759 515/476/768 514/477/769 386/429/723
f 386/429/723 514/477/769 513/478/770 511/468/760
f 495/479/771 496/480/772 497/481/773 498/482/774
f 388/483/775 389/484/776 391/485/777 390/486/778
f 393/487/779 394/488/780 392/489/781 387/490/782
f 393/487/779 388/483/775 390/486/778 394/488/780
f 393/487/779 387/1815/782 396/491/783 395/492/784
f 387/1815/782 389/493/776 397/494/785 396/491/783
f 389/493/776 388/483/775 398/495/786 397/494/785
f 388/483/775 393/487/779 395/492/784 398/495/786
f 473/496/787 465/497/788 400/498/789 401/499/790
f 471/500/791 472/501/792 439/502/793 403/503/794
f 469/504/795 470/505/796 461/506/797 405/507/798
f 468/508/799 469/504/795 405/507/798 408/509/800
f 408/509/800 409/510/801 467/511/802 468/508/799
f 466/512/803 467/511/802 409/510/801 411/513/804
f 411/513/804 400/498/789 465/497/788 466/512/803
f 440/514/805 474/515/806 403/503/794 439/502/793
f 426/516/807 401/499/790 400/498/789 448/517/808
f 416/518/809 415/519/810 409/510/801 417/520/811
f 405/507/798 418/521/812 408/509/800
f 416/518/809 417/520/811 420/522/813 421/523/814
f 417/520/811 418/521/812 419/524/815 420/522/813
f 419/524/815 418/521/812 265/372/669 266/371/668
f 405/507/798 461/506/797 264/374/671 253/373/670
f 422/525/816 415/519/810 416/518/809
f 411/513/804 409/510/801 415/519/810 414/526/817
f 420/522/813 419/524/815 423/527/818 424/528/819
f 421/523/814 420/522/813 424/528/819 425/529/820
f 428/530/821 478/531/822 442/532/823 431/533/824
f 432/534/825 255/386/683 254/385/682 431/533/824
f 431/533/824 442/532/823 443/535/826 432/534/825
f 425/529/820 424/528/819 437/536/827 250/537/685
f 433/538/828 256/391/688 255/386/683 432/534/825
f 443/535/826 444/539/829 433/538/828 432/534/825
f 434/540/830 257/394/691 256/391/688 433/538/828
f 444/539/829 445/541/831 434/540/830 433/538/828
f 445/541/831 446/542/832 435/543/833 434/540/830
f 482/544/834 483/545/835 435/543/833 446/542/832
f 423/527/818 267/402/699 269/401/698 459/546/836
f 439/502/793 472/501/792 473/496/787 401/499/790
f 440/514/805 439/502/793 401/499/790 426/516/807
f 478/531/822 479/547/837 477/548/838 442/532/823
f 414/526/817 391/549/777 389/550/776 447/551/839
f 447/551/839 400/498/789 411/513/804 414/526/817
f 448/517/808 400/498/789 447/551/839 427/552/840
f 430/553/841 486/554/842 429/555/843 475/556/844
f 449/557/845 450/558/846 436/559/847 429/555/843
f 449/557/845 387/560/782 392/561/781 451/562/848
f 452/563/849 450/558/846 449/557/845 451/562/848
f 436/559/847 450/558/846 455/564/850
f 450/558/846 262/422/715 261/421/714 455/564/850
f 436/559/847 455/564/850 454/565/851 476/566/852
f 250/537/685 437/536/827 263/425/718
f 251/567/853 451/562/848 392/561/781 458/568/854
f 252/569/721 499/570/855 251/567/856
f 451/562/848 251/567/856 452/563/849
f 251/567/856 499/570/855 452/563/849
f 409/510/801 408/509/800 418/521/812 417/520/811
f 423/527/818 459/546/836 437/536/827 424/528/819
f 476/566/852 475/556/844 429/555/843 436/559/847
f 403/503/794 461/506/797 470/505/796 471/500/791
f 483/545/835 271/431/725 258/430/724 435/543/833
f 413/571/857 428/530/821 463/572/858 462/573/859
f 428/530/821 268/436/730 270/435/729 463/572/858
f 474/515/806 464/574/860 461/506/797 403/503/794
f 466/512/803 465/497/788 399/575/861 412/576/862
f 412/576/862 410/577/863 467/511/802 466/512/803
f 468/508/799 467/511/802 410/577/863 407/578/864
f 407/578/864 406/579/865 469/504/795 468/508/799
f 460/580/866 470/505/796 469/504/795 406/579/865
f 471/500/791 470/505/796 460/580/866 404/581/867
f 404/581/867 438/582/868 472/501/792 471/500/791
f 473/496/787 472/501/792 438/582/868 402/583/869
f 402/583/869 399/575/861 465/497/788 473/496/787
f 414/526/817 415/519/810 422/525/816 391/549/777
f 464/574/860 474/515/806 413/571/857 462/573/859
f 413/571/857 474/515/806 440/514/805 441/584/870
f 441/584/870 440/514/805 426/516/807 430/553/841
f 484/585/871 485/586/872 480/587/873 481/588/874
f 482/544/834 446/542/832 484/585/871 481/588/874
f 479/547/837 478/531/822 441/584/870 430/553/841
f 430/553/841 475/556/844 480/587/873 479/547/837
f 481/588/874 480/587/873 475/556/844 476/566/852
f 476/566/852 454/565/851 482/544/834 481/588/874
f 483/545/835 482/544/834 454/565/851 453/589/875
f 441/584/870 478/531/822 428/530/821 413/571/857
f 456/590/876 457/591/877 391/549/777 422/525/816
f 485/586/872 477/548/838 479/547/837 480/587/873
f 426/516/807 448/517/808 486/554/842 430/553/841
f 460/580/866 489/592/878 438/582/868 404/581/867
f 412/576/862 488/593/879 410/577/863
f 489/592/878 490/594/880 402/583/869 438/582/868
f 410/577/863 488/593/879 487/595/881 407/578/864
f 407/578/864 487/595/881 406/579/865
f 399/575/861 490/594/880 488/593/879 412/576/862
f 487/595/881 488/593/879 490/594/880 489/592/878
f 399/575/861 402/583/869 490/594/880
f 406/579/865 487/595/881 489/592/878 460/580/866
f 491/596/882 391/549/777 457/591/877 458/568/854
f 458/568/854 392/561/781 491/596/882
f 394/488/780 491/597/882 392/489/781
f 389/550/776 387/560/782 427/552/840 447/551/839
f 427/552/840 387/560/782 486/554/842 448/517/808
f 390/486/778 391/485/777 491/597/882 394/488/780
f 429/555/843 486/554/842 387/560/782 449/557/845
f 485/586/872 484/585/871 493/598/883 494/599/884
f 446/542/832 445/541/831 493/598/883 484/585/871
f 445/541/831 444/539/829 494/599/884 493/598/883
f 444/539/829 443/535/826 492/600/885 494/599/884
f 443/535/826 442/532/823 477/548/838 492/600/885
f 477/548/838 485/586/872 494/599/884 492/600/885
f 262/422/715 450/558/846 502/465/757
f 502/465/757 450/558/846 500/601/886 501/602/887
f 500/601/886 450/558/846 452/563/849
f 499/570/855 252/569/721 508/603/763 509/604/888 505/605/889
f 395/492/784 396/491/783 496/480/772 495/479/771
f 396/491/783 397/494/785 497/481/773 496/480/772
f 397/494/785 398/495/786 498/482/774 497/481/773
f 398/495/786 395/492/784 495/479/771 498/482/774
f 261/421/714 260/472/764 455/564/850
f 260/472/764 453/589/875 455/564/850
f 455/564/850 453/589/875 454/565/851
f 266/371/668 267/402/699 423/527/818 419/524/815
f 254/385/682 268/436/730 428/530/821 431/533/824
f 258/430/724 257/394/691 434/540/830 435/543/833
f 260/472/764 259/473/765 453/589/875
f 269/401/698 263/425/718 437/536/827 459/546/836
f 270/435/729 272/474/766 462/573/859 463/572/858
f 253/373/670 265/372/669 418/521/812 405/507/798
f 259/473/765 271/431/725 483/545/835 453/589/875
f 273/475/767 264/374/671 461/506/797 464/574/860
f 272/474/766 273/475/767 464/574/860 462/573/859
f 452/563/849 499/570/855 503/606/890 504/607/891 500/601/886
f 499/570/855 505/605/889 506/608/892 507/609/893 503/606/890
s 40
f 523/610/894 524/611/895 528/612/896 529/613/897
f 522/614/898 523/610/894 529/613/897 530/615/899
f 521/616/900 522/614/898 530/615/899 531/617/901
f 520/618/902 521/619/900 531/620/901 532/621/903
f 519/622/904 520/618/902 532/621/903 533/623/905
f 518/624/906 519/622/904 533/623/905 534/625/907
f 526/626/908 527/627/909 535/628/910
f 524/611/895 525/629/911 535/628/910 528/612/896
f 528/612/896 536/630/912 537/631/913 529/613/897
f 529/613/897 537/631/913 538/632/914 530/615/899
f 530/615/899 538/632/914 539/633/915 531/617/901
f 531/620/901 539/634/915 540/635/916 532/621/903
f 532/621/903 540/635/916 541/636/917 533/623/905
f 533/623/905 541/636/917 542/637/918 534/625/907
f 534/625/907 542/637/918 543/638/919 535/628/910
f 535/628/910 543/638/919 536/630/912 528/612/896
f 535/628/910 525/629/911 526/626/908
f 535/628/910 527/627/909 518/624/906 534/625/907
f 554/639/920 552/640/921 545/641/922 546/642/923
f 557/643/924 556/644/925 548/645/926 549/646/927
f 558/647/928 557/643/924 549/646/927 550/648/929
f 559/649/930 558/647/928 550/648/929 551/650/931
f 553/651/932 559/649/930 551/650/931 544/652/933
f 536/630/912 553/651/932 552/640/921 537/631/913
f 537/631/913 552/640/921 554/639/920 538/632/914
f 547/653/934 555/654/935 554/639/920 546/642/923
f 538/632/914 554/639/920 555/654/935 539/633/915
f 548/645/926 556/644/925 555/655/935 547/656/934
f 539/634/915 555/655/935 556/644/925 540/635/916
f 540/635/916 556/644/925 557/643/924 541/636/917
f 541/636/917 557/643/924 558/647/928 542/637/918
f 542/637/918 558/647/928 559/649/930 543/638/919
f 543/638/919 559/649/930 553/651/932 536/630/912
f 545/641/922 552/640/921 553/651/932 544/652/933
s 20
f 562/1833/936 563/1812/937 561/659/938 560/1829/939
f 564/661/940 565/662/941 566/663/942 567/664/943
f 570/665/944 574/666/945 607/667/946 606/668/947
f 608/669/948 609/670/949 610/671/950 611/672/951
f 607/667/946 574/666/945 572/673/952 601/674/953
f 611/672/951 610/671/950 603/675/954 602/676/955
f 567/664/943 566/663/942 605/677/956 604/678/957
f 610/671/950 609/670/949 612/679/958 613/680/959
f 603/675/954 610/671/950 613/680/959 604/678/957
f 566/663/942 565/662/941 606/668/947 607/667/946
f 605/677/956 566/663/942 607/667/946 601/674/953
f 576/681/960 577/682/961 626/1830/962 614/684/963
f 627/1828/964 615/686/965 638/687/966 637/1831/967
f 569/689/968 578/690/969 629/691/970 599/692/971
f 630/693/972 598/694/973 600/695/974 639/696/975
f 631/1808/976 597/1810/977 596/699/978 643/700/979
f 579/701/980 580/702/981 623/703/982 617/704/983
f 624/705/984 618/706/985 642/707/986 641/708/987
f 625/1813/988 619/1805/989 646/711/990 645/712/991
f 621/713/992 620/714/993 581/715/994
f 620/714/993 649/716/995 581/715/994
f 621/713/992 581/715/994 595/717/996 654/718/997
f 650/719/998 622/720/999 548/721/1000 651/722/1001
f 652/723/1002 547/724/1003 546/725/1004 653/726/1005
f 580/702/981 582/727/1006 634/728/1007 623/703/982
f 635/729/1008 624/705/984 641/708/987 640/730/1009
f 636/1811/1010 625/1813/988 645/712/991 644/732/1011
f 578/690/969 576/681/960 614/684/963 629/691/970
f 615/686/965 630/693/972 639/696/975 638/687/966
f 563/1812/937 631/1808/976 643/700/979 561/659/938
f 648/733/1012 592/734/1013 593/735/1014 649/716/995
f 582/727/1006 569/689/968 599/692/971 634/728/1007
f 598/694/973 635/729/1008 640/730/1009 600/695/974
f 597/1810/977 636/1811/1010 644/732/1011 596/699/978
f 638/687/966 616/1807/1015 628/1832/1016 637/1831/967
f 639/696/975 631/1809/976 616/1807/1015 638/687/966
f 600/695/974 597/698/977 631/1809/976 639/696/975
f 640/730/1009 636/731/1010 597/698/977 600/695/974
f 641/708/987 625/709/988 636/731/1010 640/730/1009
f 642/707/986 619/710/989 625/709/988 641/708/987
f 548/721/1000 547/1814/1003 652/1806/1002 651/722/1001
f 561/659/938 614/684/963 626/1830/962 560/1829/939
f 643/700/979 629/691/970 614/684/963 561/659/938
f 596/699/978 599/692/971 629/691/970 643/700/979
f 644/732/1011 634/728/1007 599/692/971 596/699/978
f 645/712/991 623/703/982 634/728/1007 644/732/1011
f 646/711/990 617/704/983 623/703/982 645/712/991
f 546/725/1004 621/713/992 654/718/997 653/726/1005
f 545/738/1017 620/714/993 621/713/992 546/725/1004
f 544/739/1018 632/740/1019 620/714/993 545/738/1017
f 549/741/1020 548/721/1000 622/720/999 647/742/1021
f 633/743/1022 550/744/1023 549/741/1020 647/742/1021
f 633/743/1022 665/745/1024 512/746/762 510/747/761
f 632/740/1019 544/739/1018 515/748/768 516/749/759
f 544/739/1018 551/1836/1025 514/751/769 515/748/768
f 551/750/1025 550/744/1023 513/752/770 514/1837/769
f 550/744/1023 633/743/1022 510/747/761 511/753/760
f 550/744/1023 511/753/760 513/752/770
f 620/714/993 632/740/1019 648/733/1012 649/716/995
f 649/716/995 593/735/1014 581/715/994
f 650/719/998 618/706/985 661/754/1026 662/755/1027
f 618/706/985 650/719/998 651/722/1001 642/707/986
f 652/1806/1002 619/710/989 642/707/986 651/722/1001
f 619/1805/989 652/723/1002 653/726/1005 646/711/990
f 654/718/997 617/704/983 646/711/990 653/726/1005
f 595/717/996 579/701/980 617/704/983 654/718/997
f 577/1825/961 570/665/944 606/668/947 626/683/962
f 565/662/941 560/660/939 626/683/962 606/668/947
f 564/661/940 562/657/936 560/660/939 565/662/941
f 604/678/957 631/697/976 563/658/937 567/664/943
f 567/664/943 563/658/937 562/657/936 564/661/940
f 609/670/949 637/688/967 628/737/1016 612/679/958
f 608/669/948 627/685/964 637/688/967 609/670/949
f 571/756/1028 655/757/1029 627/685/964 608/669/948
f 612/679/958 628/737/1016 616/736/1015 613/680/959
f 613/680/959 616/736/1015 631/697/976 604/678/957
f 571/756/1028 608/669/948 611/672/951 575/758/1030
f 575/758/1030 611/672/951 602/676/955 573/759/1031
f 655/1827/1029 656/760/1032 615/686/965 627/1828/964
f 660/761/1033 661/754/1026 618/706/985 624/705/984
f 663/762/1034 664/763/1035 647/742/1021 622/720/999
f 662/755/1027 663/762/1034 622/720/999 650/719/998
f 659/764/1036 660/761/1033 624/705/984 635/729/1008
f 656/760/1032 657/765/1037 630/693/972 615/686/965
f 664/763/1035 665/745/1024 633/743/1022 647/742/1021
f 658/766/1038 659/764/1036 635/729/1008 598/694/973
f 648/733/1012 517/767/758 502/768/757 592/734/1013
f 583/769/1039 656/760/1032 655/1827/1029 584/1818/1040
f 585/771/1041 657/765/1037 656/760/1032 583/769/1039
f 657/765/1037 658/766/1038 598/694/973 630/693/972
f 587/772/1042 660/761/1033 659/764/1036 590/773/1043
f 586/774/1044 661/754/1026 660/761/1033 587/772/1042
f 662/755/1027 661/754/1026 586/774/1044 594/775/1045
f 589/776/1046 663/762/1034 662/755/1027 594/775/1045
f 588/777/1047 664/763/1035 663/762/1034 589/776/1046
f 591/778/1048 665/745/1024 664/763/1035 588/777/1047
f 512/746/762 665/745/1024 591/778/1048 508/779/763
f 568/780/1049 658/766/1038 657/765/1037 585/771/1041
f 590/773/1043 659/764/1036 658/766/1038 568/780/1049
f 584/770/1040 655/757/1029 571/756/1028
f 516/749/759 517/767/758 648/733/1012 632/740/1019
s 52
f 803/781/1050 804/782/1051 518/783/1052
f 669/784/1053 826/785/1054 523/786/1055 522/787/1056
f 667/788/1057 682/789/1058 799/790/1059
f 669/791/1053 522/792/1060 672/793/1061
f 519/794/1062 805/795/1063 673/796/1064 520/797/1065
f 522/792/1060 521/798/1066 674/799/1067 672/793/1061
f 520/800/1068 801/801/1069 674/799/1067 521/798/1066
f 807/802/1070 808/803/1071 672/793/1061 674/799/1067
f 805/804/1063 806/805/1072 801/801/1069 673/806/1064
f 525/807/1073 682/789/1058 526/808/1074
f 527/809/1075 526/808/1074 683/810/1076
f 518/783/1077 802/811/1078 803/781/1050
f 804/782/1051 805/795/1063 519/794/1062 518/783/1052
f 676/812/1079 683/810/1076 682/789/1058 667/788/1057
f 684/813/1080 683/810/1076 676/812/1079 675/814/1081
f 677/815/1082 685/816/1083 684/813/1080 675/814/1081
f 525/807/1073 524/817/1084 666/818/1085 682/789/1058
f 679/819/1086 676/812/1079 688/820/1087 687/821/1088
f 676/812/1079 667/788/1057 689/822/1089 688/820/1087
f 686/823/1090 799/790/1059 670/824/1091
f 834/825/1092 679/819/1086 687/821/1088 841/826/1093
f 687/821/1088 688/820/1087 692/827/1094 691/828/1095
f 688/820/1087 689/822/1089 693/829/1096 692/827/1094
f 689/822/1089 686/823/1090 690/830/1097 693/829/1096
f 841/826/1093 687/821/1088 691/828/1095 694/831/1098
f 686/823/1090 670/824/1091 800/832/1099
f 680/833/1100 675/814/1081 698/834/1101 697/835/1102
f 675/814/1081 676/812/1079 699/836/1103 698/834/1101
f 676/812/1079 679/819/1086 696/837/1104 699/836/1103
f 835/838/1105 680/833/1100 697/835/1102 837/839/1106
f 679/819/1086 834/825/1092 842/840/1107 696/837/1104
f 697/835/1102 698/834/1101 702/841/1108 701/842/1109
f 698/834/1101 699/836/1103 703/843/1110 702/841/1108
f 699/836/1103 696/837/1104 700/844/1111 703/843/1110
f 837/839/1106 697/835/1102 701/842/1109 704/845/1112
f 696/837/1104 842/840/1107 705/846/1113 700/844/1111
f 681/847/1114 677/815/1082 708/848/1115 707/849/1116
f 677/815/1082 675/814/1081 709/850/1117 708/848/1115
f 675/814/1081 680/833/1100 706/851/1118 709/850/1117
f 836/852/1119 681/847/1114 707/849/1116 839/853/1120
f 680/833/1100 835/838/1105 838/854/1121 706/851/1118
f 707/849/1116 708/848/1115 712/855/1122 711/856/1123
f 708/848/1115 709/850/1117 713/857/1124 712/855/1122
f 709/850/1117 706/851/1118 710/858/1125 713/857/1124
f 839/853/1120 707/849/1116 711/856/1123 714/859/1126
f 706/851/1118 838/854/1121 715/860/1127 710/858/1125
f 678/861/1128 668/862/1129 718/863/1130 717/864/1131
f 668/862/1129 677/815/1082 719/865/1132 718/863/1130
f 677/815/1082 681/847/1114 716/866/1133 719/865/1132
f 681/847/1114 836/852/1119 840/867/1134 716/866/1133
f 717/864/1131 718/863/1130 723/868/1135 722/869/1136
f 718/863/1130 719/865/1132 724/870/1137 723/868/1135
f 719/865/1132 716/866/1133 721/871/1138 724/870/1137
f 720/872/1139 717/864/1131 722/869/1136 726/873/1140
f 716/866/1133 840/867/1134 725/874/1141 721/871/1138
f 691/828/1095 692/827/1094 729/875/1142 728/876/1143
f 692/827/1094 693/829/1096 730/877/1144 729/875/1142
f 693/829/1096 690/830/1097 727/878/1145 730/877/1144
f 694/831/1098 691/828/1095 728/876/1143 731/879/1146
f 690/830/1097 695/880/1147 732/881/1148 727/878/1145
f 695/882/1147 694/883/1098 731/884/1146 732/885/1148
f 701/842/1109 702/841/1108 735/886/1149 734/887/1150
f 702/841/1108 703/843/1110 736/888/1151 735/886/1149
f 703/843/1110 700/844/1111 733/889/1152 736/888/1151
f 704/845/1112 701/842/1109 734/887/1150 737/890/1153
f 700/844/1111 705/846/1113 738/891/1154 733/889/1152
f 705/892/1113 704/893/1112 737/894/1153 738/895/1154
f 711/856/1123 712/855/1122 741/896/1155 740/897/1156
f 712/855/1122 713/857/1124 742/898/1157 741/896/1155
f 713/857/1124 710/858/1125 739/899/1158 742/898/1157
f 714/859/1126 711/856/1123 740/897/1156 743/900/1159
f 710/858/1125 715/860/1127 744/901/1160 739/899/1158
f 715/902/1127 714/903/1126 743/904/1159 744/905/1160
f 722/869/1136 723/868/1135 747/906/1161 746/907/1162
f 723/868/1135 724/870/1137 748/908/1163 747/906/1161
f 724/870/1137 721/871/1138 745/909/1164 748/908/1163
f 725/910/1141 726/911/1140 750/912/1165 749/913/1166
f 726/873/1140 722/869/1136 746/907/1162 750/914/1165
f 721/871/1138 725/874/1141 749/915/1166 745/909/1164
f 751/916/1167 752/917/1168 760/918/1169 759/919/1170
f 752/917/1168 751/916/1167 754/920/1171 753/921/1172
f 753/921/1172 754/920/1171 756/922/1173 755/923/1174
f 755/923/1174 756/922/1173 758/924/1175 757/925/1176
f 757/925/1176 758/924/1175 762/926/1177 761/927/1178
f 759/928/1170 760/929/1169 761/930/1178 762/931/1177
f 757/925/1176 752/917/1168 753/921/1172 755/923/1174
f 760/918/1169 752/917/1168 757/925/1176 761/927/1178
f 728/876/1143 729/875/1142 754/920/1171 751/916/1167
f 729/875/1142 730/877/1144 756/922/1173 754/920/1171
f 730/877/1144 727/878/1145 758/924/1175 756/922/1173
f 731/879/1146 728/876/1143 751/916/1167 759/919/1170
f 727/878/1145 732/881/1148 762/926/1177 758/924/1175
f 732/885/1148 731/884/1146 759/928/1170 762/931/1177
f 763/932/1179 764/933/1180 772/934/1181 771/935/1182
f 764/933/1180 763/932/1179 766/936/1183 765/937/1184
f 765/937/1184 766/936/1183 768/938/1185 767/939/1186
f 767/939/1186 768/938/1185 770/940/1187 769/941/1188
f 769/941/1188 770/940/1187 774/942/1189 773/943/1190
f 771/944/1182 772/945/1181 773/946/1190 774/947/1189
f 769/941/1188 764/933/1180 765/937/1184 767/939/1186
f 772/934/1181 764/933/1180 769/941/1188 773/943/1190
f 734/887/1150 735/886/1149 766/936/1183 763/932/1179
f 735/886/1149 736/888/1151 768/938/1185 766/936/1183
f 736/888/1151 733/889/1152 770/940/1187 768/938/1185
f 737/890/1153 734/887/1150 763/932/1179 771/935/1182
f 733/889/1152 738/891/1154 774/942/1189 770/940/1187
f 738/895/1154 737/894/1153 771/944/1182 774/947/1189
f 775/948/1191 776/949/1192 784/950/1193 783/951/1194
f 776/949/1192 775/948/1191 778/952/1195 777/953/1196
f 777/953/1196 778/952/1195 780/954/1197 779/955/1198
f 779/955/1198 780/954/1197 782/956/1199 781/957/1200
f 781/957/1200 782/956/1199 786/958/1201 785/959/1202
f 783/960/1194 784/961/1193 785/962/1202 786/963/1201
f 781/957/1200 776/949/1192 777/953/1196 779/955/1198
f 784/950/1193 776/949/1192 781/957/1200 785/959/1202
f 740/897/1156 741/896/1155 778/952/1195 775/948/1191
f 741/896/1155 742/898/1157 780/954/1197 778/952/1195
f 742/898/1157 739/899/1158 782/956/1199 780/954/1197
f 743/900/1159 740/897/1156 775/948/1191 783/951/1194
f 739/899/1158 744/901/1160 786/958/1201 782/956/1199
f 744/905/1160 743/904/1159 783/960/1194 786/963/1201
f 787/964/1203 788/965/1204 797/966/1205 798/967/1206
f 788/965/1204 787/964/1203 790/968/1207 789/969/1208
f 789/969/1208 790/968/1207 792/970/1209 791/971/1210
f 791/971/1210 792/970/1209 794/972/1211 793/973/1212
f 793/973/1212 794/972/1211 795/974/1213 796/975/1214
f 796/976/1214 795/977/1213 798/978/1206 797/979/1205
f 793/973/1212 788/965/1204 789/969/1208 791/971/1210
f 796/975/1214 797/966/1205 788/965/1204 793/973/1212
f 746/907/1162 747/906/1161 790/968/1207 787/964/1203
f 747/906/1161 748/908/1163 792/970/1209 790/968/1207
f 748/908/1163 745/909/1164 794/972/1211 792/970/1209
f 749/913/1166 750/912/1165 798/978/1206 795/977/1213
f 750/914/1165 746/907/1162 787/964/1203 798/967/1206
f 745/909/1164 749/915/1166 795/974/1213 794/972/1211
f 686/823/1090 800/832/1099 695/880/1147 690/830/1097
f 667/788/1057 799/790/1059 686/823/1090 689/822/1089
f 671/980/1215 836/981/1119 806/805/1072 805/804/1063
f 806/805/1072 807/802/1070 674/799/1067 801/801/1069
f 678/861/1128 803/781/1050 668/862/1129
f 671/982/1215 805/795/1063 804/782/1051 678/861/1128
f 809/983/1216 808/803/1071 834/984/1092 670/985/1091
f 669/791/1053 672/793/1061 808/803/1071 809/983/1216
f 684/813/1080 685/816/1083 527/809/1075
f 685/816/1083 518/783/1077 527/809/1075
f 809/986/1216 670/824/1091 799/790/1059
f 827/987/1217 828/988/1218 810/989/1219 812/990/1220
f 682/789/1058 683/810/1076 526/808/1074
f 683/810/1076 684/813/1080 527/809/1075
f 802/811/1078 518/783/1077 685/816/1083
f 671/982/1215 678/861/1128 717/864/1131 720/872/1139
f 803/781/1050 802/811/1078 668/862/1129
f 803/781/1050 678/861/1128 804/782/1051
f 836/981/1119 835/991/1105 807/802/1070 806/805/1072
f 835/991/1105 834/984/1092 808/803/1071 807/802/1070
f 831/992/1221 832/993/1222 822/994/1223 824/995/1224
f 682/789/1058 666/818/1085 812/990/1220 810/989/1219
f 666/818/1085 826/785/1054 827/987/1217 812/990/1220
f 669/791/1053 809/983/1216 811/996/1225 813/997/1226
f 799/790/1059 682/789/1058 814/998/1227
f 682/789/1058 810/989/1219 814/998/1227
f 810/989/1219 828/988/1218 829/999/1228 816/1000/1229
f 811/996/1225 809/983/1216 815/1001/1230 817/1002/1231
f 833/1003/1232 799/790/1059 814/998/1227 818/1004/1233
f 814/998/1227 816/1000/1229 820/1005/1234 818/1004/1233
f 816/1000/1229 829/999/1228 830/1006/1235 820/1005/1234
f 817/1002/1231 815/1001/1230 819/1007/1236 821/1008/1237
f 832/993/1222 833/1003/1232 818/1004/1233 822/994/1223
f 818/1004/1233 820/1005/1234 824/995/1224 822/994/1223
f 820/1005/1234 830/1006/1235 831/992/1221 824/995/1224
f 821/1008/1237 819/1007/1236 823/1009/1238 825/1010/1239
f 827/987/1217 826/785/1054 669/784/1053 813/1011/1226
f 811/1012/1225 828/988/1218 827/987/1217 813/1011/1226
f 829/999/1228 828/988/1218 811/1012/1225 817/1013/1231
f 830/1006/1235 829/999/1228 817/1013/1231 821/1014/1237
f 831/992/1221 830/1006/1235 821/1014/1237 825/1015/1239
f 823/1016/1238 832/993/1222 831/992/1221 825/1015/1239
f 819/1017/1236 833/1003/1232 832/993/1222 823/1016/1238
f 815/1018/1230 799/790/1059 833/1003/1232 819/1017/1236
f 809/986/1216 799/790/1059 815/1018/1230
f 814/998/1227 810/989/1219 816/1000/1229
f 520/800/1068 673/806/1064 801/801/1069
f 802/811/1078 685/816/1083 677/815/1082 668/862/1129
f 726/911/1140 725/910/1141 840/1019/1134 720/1020/1139
f 694/883/1098 695/882/1147 800/1021/1099 841/1022/1093
f 704/893/1112 705/892/1113 842/1023/1107 837/1024/1106
f 714/903/1126 715/902/1127 838/1025/1121 839/1026/1120
f 720/1020/1139 840/1019/1134 836/981/1119 671/980/1215
f 839/1026/1120 838/1025/1121 835/991/1105 836/981/1119
f 837/1024/1106 842/1023/1107 834/984/1092 835/991/1105
f 841/1022/1093 800/1021/1099 670/985/1091 834/984/1092
f 523/786/1055 826/785/1054 666/818/1085 524/817/1240
s 68
f 862/1027/1241 863/1028/1242 864/1029/1243 865/1030/1244
f 865/1030/1244 864/1029/1243 866/1031/1245 867/1032/1246
f 868/1033/1247 869/1034/1248 870/1035/1249 871/1036/1250
f 871/1036/1250 870/1035/1249 872/1037/1251 873/1038/1252
f 873/1038/1252 872/1037/1251 874/1039/1253 875/1040/1254
f 875/1040/1254 874/1039/1253 876/1041/1255 877/1042/1256
f 877/1043/1256 876/1044/1255 878/1045/1257 879/1046/1258
f 879/1046/1258 878/1045/1257 880/1047/1259 881/1048/1260
f 882/1049/1261 883/1050/1262 884/1051/1263 885/1052/1264
f 885/1052/1264 884/1051/1263 886/1053/1265 887/1054/1266
f 887/1054/1266 886/1053/1265 888/1055/1267 889/1056/1268
f 889/1056/1268 888/1055/1267 890/1057/1269 891/1058/1270
f 891/1058/1270 890/1057/1269 892/1059/1271 893/1060/1272
f 893/1060/1272 892/1059/1271 894/1061/1273 895/1062/1274
f 895/1063/1274 894/1064/1273 896/1065/1275 897/1066/1276
f 897/1066/1276 896/1065/1275 883/1050/1262 882/1049/1261
s 71
f 898/1067/1277 899/1068/1278 900/1069/1279 901/1070/1280
f 899/1068/1278 902/1071/1281 903/1072/1282 900/1069/1279
f 902/1071/1281 904/1073/1283 905/1074/1284 903/1072/1282
f 904/1073/1283 906/1075/1285 907/1076/1286 905/1074/1284
f 906/1075/1285 908/1077/1287 909/1078/1288 907/1076/1286
f 908/1077/1287 910/1079/1289 911/1080/1290 909/1078/1288
f 910/1081/1289 912/1082/1291 913/1083/1292 911/1084/1290
f 912/1082/1291 898/1067/1277 901/1070/1280 913/1083/1292
s 68
f 863/1028/1242 914/1085/1293 915/1086/1294 864/1029/1243
f 864/1029/1243 915/1086/1294 916/1087/1295 866/1031/1245
f 869/1034/1248 887/1054/1266 889/1056/1268 870/1035/1249
f 870/1035/1249 889/1056/1268 891/1058/1270 872/1037/1251
f 872/1037/1251 891/1058/1270 893/1060/1272 874/1039/1253
f 874/1039/1253 893/1060/1272 895/1062/1274 876/1041/1255
f 876/1044/1255 895/1063/1274 897/1066/1276 878/1045/1257
f 878/1045/1257 897/1066/1276 882/1049/1261 880/1047/1259
s 72
f 847/1088/1296 855/1089/1297 846/1090/1298
f 857/1091/1299 844/1092/1300 845/1093/1301 856/1094/1302
s 68
f 917/1095/1303 863/1028/1242 862/1027/1241 918/1096/1304
f 919/1097/1305 867/1032/1246 866/1031/1245 920/1098/1306
f 921/1099/1307 915/1086/1294 914/1085/1293 922/1100/1308
f 922/1100/1308 914/1085/1293 863/1028/1242 917/1095/1303
f 920/1098/1306 866/1031/1245 916/1087/1295 923/1101/1309
f 923/1101/1309 916/1087/1295 915/1086/1294 921/1099/1307
f 924/1102/1310 925/1103/1311 869/1034/1248 868/1033/1247
f 926/1104/1312 925/1103/1311 920/1098/1306 923/1101/1309
f 927/1105/1313 926/1104/1312 923/1101/1309 921/1099/1307
f 928/1106/1314 927/1105/1313 921/1099/1307 922/1100/1308
f 929/1107/1315 928/1106/1314 922/1100/1308 917/1095/1303
f 930/1108/1316 929/1107/1315 917/1095/1303 918/1096/1304
f 883/1050/1262 931/1109/1317 932/1110/1318 884/1051/1263
f 892/1059/1271 933/1111/1319 934/1112/1320 894/1061/1273
f 890/1057/1269 935/1113/1321 933/1111/1319 892/1059/1271
f 888/1055/1267 936/1114/1322 935/1113/1321 890/1057/1269
f 886/1053/1265 937/1115/1323 936/1114/1322 888/1055/1267
f 884/1051/1263 932/1110/1318 937/1115/1323 886/1053/1265
f 932/1110/1324 931/1109/1317 901/1070/1325 900/1069/1326
f 937/1115/1327 932/1110/1324 900/1069/1326 903/1072/1328
f 936/1114/1329 937/1115/1327 903/1072/1328 905/1074/1330
f 935/1113/1331 936/1114/1329 905/1074/1330 907/1076/1332
f 933/1111/1333 935/1113/1331 907/1076/1332 909/1078/1334
f 934/1112/1320 933/1111/1333 909/1078/1334 911/1080/1335
f 934/1116/1320 911/1084/1335 913/1083/1336 938/1117/1337
f 913/1083/1336 901/1070/1325 931/1109/1317 938/1117/1337
s 71
f 939/1118/1338 902/1071/1281 899/1068/1278 940/1119/1339
f 941/1120/1340 904/1073/1283 902/1071/1281 939/1118/1338
f 942/1121/1341 906/1075/1285 904/1073/1283 941/1120/1340
f 943/1122/1342 908/1077/1287 906/1075/1285 942/1121/1341
f 944/1123/1343 910/1079/1289 908/1077/1287 943/1122/1342
f 945/1124/1344 912/1082/1291 910/1081/1289 944/1125/1343
f 946/1126/1345 898/1067/1277 912/1082/1291 945/1124/1344
f 940/1119/1339 899/1068/1278 898/1067/1277 946/1126/1345
s 68
f 896/1065/1275 938/1117/1337 931/1109/1317 883/1050/1262
f 894/1064/1273 934/1116/1320 938/1117/1337 896/1065/1275
s 75
f 940/1119/1346 946/1126/1347 947/1127/1348 948/1128/1349
f 939/1118/1350 940/1119/1346 948/1128/1349 949/1129/1351
f 941/1120/1352 939/1118/1350 949/1129/1351 950/1130/1353
f 942/1121/1354 941/1120/1352 950/1130/1353 951/1131/1355
f 943/1122/1356 942/1121/1354 951/1131/1355 952/1132/1357
f 944/1123/1358 943/1122/1356 952/1132/1357 953/1133/1359
f 945/1124/1360 944/1125/1358 953/1134/1359 954/1135/1361
f 946/1126/1347 945/1124/1360 954/1135/1361 947/1127/1348
s 72
f 847/1088/1296 848/1136/1362 855/1089/1297
f 856/1094/1302 849/1137/1363 843/1138/1364 857/1091/1299
f 856/1094/1302 845/1093/1301 846/1090/1298 855/1089/1297
f 848/1136/1362 849/1137/1363 856/1094/1302 855/1089/1297
f 857/1091/1299 843/1138/1364 858/1139/1365 859/1140/1366
f 859/1140/1366 860/1141/1367 844/1092/1300 857/1091/1299
f 859/1140/1366 858/1139/1365 853/1142/1368 861/1143/1369
f 854/1144/1370 860/1141/1367 859/1140/1366 861/1143/1369
s 68
f 882/1049/1261 928/1106/1314 929/1107/1315 880/1047/1259
f 885/1052/1264 927/1105/1313 928/1106/1314 882/1049/1261
f 887/1054/1266 926/1104/1312 927/1105/1313 885/1052/1264
f 869/1034/1248 925/1103/1311 926/1104/1312 887/1054/1266
f 919/1097/1305 920/1098/1306 925/1103/1311 924/1102/1310
s 72
f 861/1143/1369 853/1142/1368 850/1145/1371 851/1146/1372
f 854/1144/1370 861/1143/1369 851/1146/1372 852/1147/1373
s 68
f 880/1047/1259 929/1107/1315 930/1108/1316 881/1048/1260
s off
f 851//1374 850//1375 862//1376 865//1377
f 852//1378 851//1379 865//1380 867//1381
f 845//1382 844//1383 868//1384 871//1385
f 846//1386 845//1387 871//1388 873//1389
f 847//1390 846//1391 873//1392 875//1393
f 848//1394 847//1395 875//1396 877//1397
f 849//1398 848//1399 877//1400 879//1401
f 843//1402 849//1403 879//1404 881//1405
f 850//1406 853//1407 918//1408 862//1409
f 854//1410 852//1411 867//1412 919//1413
f 844//1414 860//1415 924//1416 868//1417
f 853//1418 858//1419 930//1420 918//1421
f 860//1422 854//1423 919//1424 924//1425
f 858//1426 843//1427 881//1428 930//1429
s 76
f 956/1148/1430 955/1149/1431 957/1150/1432 958/1151/1433
f 972/1152/1434 959/1153/1435 965/1154/1436 1007/1155/1437
f 1004/1156/1438 955/1149/1431 956/1148/1430 1005/1157/1439
f 1005/1157/1439 956/1148/1430 970/1158/1440 1006/1159/1441
f 970/1158/1440 972/1152/1434 1007/1155/1437 1006/1159/1441
f 948/1160/1442 973/1161/1443 974/1162/1444 949/1163/1445
f 949/1163/1445 974/1162/1444 975/1164/1446 950/1165/1447
f 950/1165/1447 975/1164/1446 976/1166/1448 951/1167/1449
f 951/1168/1449 976/1169/1448 977/1170/1450 952/1171/1451
f 952/1171/1451 977/1170/1450 978/1172/1452 953/1173/1453
f 953/1173/1453 978/1172/1452 979/1174/1454 954/1175/1455
f 954/1175/1455 979/1174/1454 980/1176/1456 947/1177/1457
f 947/1177/1457 980/1176/1456 973/1161/1443 948/1160/1442
f 995/1178/1458 996/1179/1459 957/1150/1432 981/1180/1460
f 1002/1181/1461 995/1178/1458 981/1180/1460 982/1182/1462
f 1001/1183/1463 1002/1181/1461 982/1182/1462 983/1184/1464
f 1000/1185/1465 1001/1186/1463 983/1187/1464 984/1188/1466
f 999/1189/1467 1000/1185/1465 984/1188/1466 985/1190/1468
f 998/1191/1469 999/1189/1467 985/1190/1468 986/1192/1470
f 997/1193/1471 998/1191/1469 986/1192/1470 958/1151/1433
f 957/1150/1432 996/1179/1459 997/1193/1471 958/1151/1433
f 973/1161/1443 987/1194/1472 988/1195/1473 974/1162/1444
f 974/1162/1444 988/1195/1473 989/1196/1474 975/1164/1446
f 975/1164/1446 989/1196/1474 990/1197/1475 976/1166/1448
f 976/1169/1448 990/1198/1475 991/1199/1476 977/1170/1450
f 977/1170/1450 991/1199/1476 992/1200/1477 978/1172/1452
f 978/1172/1452 992/1200/1477 993/1201/1478 979/1174/1454
f 979/1174/1454 993/1201/1478 994/1202/1479 980/1176/1456
f 980/1176/1456 994/1202/1479 987/1194/1472 973/1161/1443
f 987/1194/1472 996/1179/1459 995/1178/1458 988/1195/1473
f 994/1202/1479 997/1193/1471 996/1179/1459 987/1194/1472
f 993/1201/1478 998/1191/1469 997/1193/1471 994/1202/1479
f 992/1200/1477 999/1189/1467 998/1191/1469 993/1201/1478
f 991/1199/1476 1000/1185/1465 999/1189/1467 992/1200/1477
f 990/1198/1475 1001/1186/1463 1000/1185/1465 991/1199/1476
f 989/1196/1474 1002/1181/1461 1001/1183/1463 990/1197/1475
f 988/1195/1473 995/1178/1458 1002/1181/1461 989/1196/1474
f 972/1152/1434 970/1158/1440 986/1192/1470 985/1190/1468
f 970/1158/1440 956/1148/1480 958/1151/1433 986/1192/1470
f 972/1152/1434 984/1188/1466 964/1203/1481 959/1153/1435
f 972/1152/1434 985/1190/1468 984/1188/1466
f 962/1204/1482 963/1205/1483 983/1184/1484 982/1182/1485
f 963/1205/1483 967/1206/1486 983/1184/1484
f 983/1187/1484 967/1207/1486 984/1188/1466
f 984/1188/1466 967/1207/1486 964/1203/1481
f 981/1180/1460 1008/1208/1487 962/1204/1488 982/1182/1462
f 961/1209/1489 966/1210/1490 1003/1211/1491 1009/1212/1492
f 968/1213/1493 1004/1156/1438 1005/1157/1439 969/1214/1494
f 969/1214/1494 1005/1157/1439 1006/1159/1441 971/1215/1495
f 1007/1155/1437 960/1216/1496 971/1215/1495 1006/1159/1441
f 965/1154/1436 960/1216/1496 1007/1155/1437
f 1003/1211/1491 966/1210/1490 962/1204/1488 1008/1208/1487
f 955/1149/1431 1008/1208/1487 981/1180/1460 957/1150/1432
f 955/1149/1431 1004/1156/1438 1003/1211/1491 1008/1208/1487
f 1004/1156/1438 968/1213/1493 1009/1212/1492 1003/1211/1491
s 82
f 1015/1217/1497 1021/1218/1498 1020/1219/1499 1016/1220/1500
f 1014/1221/1501 1022/1222/1502 1021/1218/1498 1015/1217/1497
f 1013/1223/1503 1023/1224/1504 1022/1222/1502 1014/1221/1501
f 1012/1225/1505 1024/1226/1506 1023/1227/1504 1013/1228/1503
f 1011/1229/1507 1025/1230/1508 1024/1226/1506 1012/1225/1505
f 1010/1231/1509 1026/1232/1510 1025/1230/1508 1011/1229/1507
f 1018/1233/1511 1027/1234/1512 1019/1235/1513
f 1016/1220/1500 1020/1219/1499 1027/1234/1512 1017/1236/1514
f 1020/1219/1499 1021/1218/1498 1029/1237/1515 1028/1238/1516
f 1021/1218/1498 1022/1222/1502 1030/1239/1517 1029/1237/1515
f 1022/1222/1502 1023/1224/1504 1031/1240/1518 1030/1239/1517
f 1023/1227/1504 1024/1226/1506 1032/1241/1519 1031/1242/1518
f 1024/1226/1506 1025/1230/1508 1033/1243/1520 1032/1241/1519
f 1025/1230/1508 1026/1232/1510 1034/1244/1521 1033/1243/1520
f 1026/1232/1510 1027/1234/1512 1035/1245/1522 1034/1244/1521
f 1027/1234/1512 1020/1219/1499 1028/1238/1516 1035/1245/1522
f 1027/1234/1512 1018/1233/1511 1017/1236/1514
f 1027/1234/1512 1026/1232/1510 1010/1231/1509 1019/1235/1513
f 1046/1246/1523 1038/1247/1524 1037/1248/1525 1044/1249/1526
f 1049/1250/1527 1041/1251/1528 1040/1252/1529 1048/1253/1530
f 1050/1254/1531 1042/1255/1532 1041/1251/1528 1049/1250/1527
f 1051/1256/1533 1043/1257/1534 1042/1255/1532 1050/1254/1531
f 1045/1258/1535 1036/1259/1536 1043/1257/1534 1051/1256/1533
f 1028/1238/1516 1029/1237/1515 1044/1249/1526 1045/1258/1535
f 1029/1237/1515 1030/1239/1517 1046/1246/1523 1044/1249/1526
f 1039/1260/1537 1038/1247/1524 1046/1246/1523 1047/1261/1538
f 1030/1239/1517 1031/1240/1518 1047/1261/1538 1046/1246/1523
f 1040/1252/1529 1039/1262/1537 1047/1263/1538 1048/1253/1530
f 1031/1242/1518 1032/1241/1519 1048/1253/1530 1047/1263/1538
f 1032/1241/1519 1033/1243/1520 1049/1250/1527 1048/1253/1530
f 1033/1243/1520 1034/1244/1521 1050/1254/1531 1049/1250/1527
f 1034/1244/1521 1035/1245/1522 1051/1256/1533 1050/1254/1531
f 1035/1245/1522 1028/1238/1516 1045/1258/1535 1051/1256/1533
f 1037/1248/1525 1036/1259/1536 1045/1258/1535 1044/1249/1526
s 20
f 1054/1826/1539 1052/1821/1540 1053/1266/1541 1055/1802/1542
f 1056/1268/1543 1059/1269/1544 1058/1270/1545 1057/1271/1546
f 570/665/944 1068/1272/1547 1069/1273/1548 574/666/1549
f 1070/1274/1550 1073/1275/1551 1072/1276/1552 1071/1277/1553
f 1069/1273/1548 601/1278/1554 572/673/1555 574/666/1549
f 1073/1275/1551 602/1279/1556 1065/1280/1557 1072/1276/1552
f 1059/1269/1544 1066/1281/1558 1067/1282/1559 1058/1270/1545
f 1072/1276/1552 1075/1283/1560 1074/1284/1561 1071/1277/1553
f 1065/1280/1557 1066/1281/1558 1075/1283/1560 1072/1276/1552
f 1058/1270/1545 1069/1273/1548 1068/1272/1547 1057/1271/1546
f 1067/1282/1559 601/1278/1554 1069/1273/1548 1058/1270/1545
f 576/681/960 1076/1285/1562 1088/1822/1563 577/682/961
f 1089/1287/1564 1099/1823/1565 1100/1289/1566 1077/1290/1567
f 569/689/968 1063/1291/1568 1091/1292/1569 578/690/969
f 1092/1293/1570 1101/1294/1571 1064/1295/1572 1062/1296/1573
f 1093/1799/1574 1105/1298/1575 1060/1299/1576 1061/1800/1577
f 579/701/980 1079/1301/1578 1085/1302/1579 580/702/981
f 1086/1303/1580 1103/1304/1581 1104/1305/1582 1080/1306/1583
f 1087/1803/1584 1107/1308/1585 1108/1309/1586 1081/1310/1587
f 1083/1311/1588 581/715/994 1082/1312/1589
f 1082/1312/1589 581/715/994 1111/1313/1590
f 1083/1311/1588 1116/1314/1591 595/717/996 581/715/994
f 1112/1315/1592 1113/1316/1593 1040/1317/1594 1084/1318/1595
f 1114/1796/1596 1115/1320/1597 1038/1321/1598 1039/1804/1599
f 580/702/981 1085/1302/1579 1096/1323/1600 582/727/1006
f 1097/1324/1601 1102/1325/1602 1103/1304/1581 1086/1303/1580
f 1098/1801/1603 1106/1327/1604 1107/1308/1585 1087/1803/1584
f 578/690/969 1091/1292/1569 1076/1285/1562 576/681/960
f 1077/1290/1567 1100/1289/1566 1101/1294/1571 1092/1293/1570
f 1055/1802/1542 1053/1266/1541 1105/1298/1575 1093/1799/1574
f 1110/1328/1605 1111/1313/1590 593/735/1014 592/734/1013
f 582/727/1006 1096/1323/1600 1063/1291/1568 569/689/968
f 1062/1296/1573 1064/1295/1572 1102/1325/1602 1097/1324/1601
f 1061/1800/1577 1060/1299/1576 1106/1327/1604 1098/1801/1603
f 1100/1289/1566 1099/1823/1565 1090/1824/1606 1078/1797/1607
f 1101/1294/1571 1100/1289/1566 1078/1797/1607 1093/1798/1574
f 1064/1295/1572 1101/1294/1571 1093/1798/1574 1061/1300/1577
f 1102/1325/1602 1064/1295/1572 1061/1300/1577 1098/1326/1603
f 1103/1304/1581 1102/1325/1602 1098/1326/1603 1087/1307/1584
f 1104/1305/1582 1103/1304/1581 1087/1307/1584 1081/1795/1587
f 1040/1317/1594 1113/1316/1593 1114/1319/1596 1039/1322/1599
f 1053/1266/1541 1052/1821/1540 1088/1822/1563 1076/1285/1562
f 1105/1298/1575 1053/1266/1541 1076/1285/1562 1091/1292/1569
f 1060/1299/1576 1105/1298/1575 1091/1292/1569 1063/1291/1568
f 1106/1327/1604 1060/1299/1576 1063/1291/1568 1096/1323/1600
f 1107/1308/1585 1106/1327/1604 1096/1323/1600 1085/1302/1579
f 1108/1309/1586 1107/1308/1585 1085/1302/1579 1079/1301/1578
f 1038/1321/1598 1115/1320/1597 1116/1314/1591 1083/1311/1588
f 1037/1331/1608 1038/1321/1598 1083/1311/1588 1082/1312/1589
f 1036/1332/1609 1037/1331/1608 1082/1312/1589 1094/1333/1610
f 1041/1334/1611 1109/1335/1612 1084/1318/1595 1040/1317/1594
f 1095/1336/1613 1109/1335/1612 1041/1334/1611 1042/1337/1614
f 1095/1336/1613 505/1338/889 509/1339/888 1127/1340/1615
f 1094/1333/1610 500/1341/886 504/1342/891 1036/1332/1609
f 1036/1332/1609 504/1342/891 503/1835/890 1043/1344/1616
f 1043/1834/1616 503/1343/890 507/1345/893 1042/1337/1614
f 1042/1337/1614 506/1346/892 505/1338/889 1095/1336/1613
f 1042/1337/1614 507/1345/893 506/1346/892
f 1082/1312/1589 1111/1313/1590 1110/1328/1605 1094/1333/1610
f 1111/1313/1590 581/715/994 593/735/1014
f 1112/1315/1592 1124/1347/1617 1123/1348/1618 1080/1306/1583
f 1080/1306/1583 1104/1305/1582 1113/1316/1593 1112/1315/1592
f 1114/1319/1596 1113/1316/1593 1104/1305/1582 1081/1795/1587
f 1081/1310/1587 1108/1309/1586 1115/1320/1597 1114/1796/1596
f 1116/1314/1591 1115/1320/1597 1108/1309/1586 1079/1301/1578
f 595/717/996 1116/1314/1591 1079/1301/1578 579/701/980
f 577/1825/961 1088/1286/1563 1068/1272/1547 570/665/944
f 1057/1271/1546 1068/1272/1547 1088/1286/1563 1052/1265/1540
f 1056/1268/1543 1057/1271/1546 1052/1265/1540 1054/1264/1539
f 1066/1281/1558 1059/1269/1544 1055/1267/1542 1093/1297/1574
f 1059/1269/1544 1056/1268/1543 1054/1264/1539 1055/1267/1542
f 1071/1277/1553 1074/1284/1561 1090/1329/1606 1099/1288/1565
f 1070/1274/1550 1071/1277/1553 1099/1288/1565 1089/1820/1564
f 571/756/1028 1070/1274/1550 1089/1820/1564 1117/1819/1619
f 1074/1284/1561 1075/1283/1560 1078/1330/1607 1090/1329/1606
f 1075/1283/1560 1066/1281/1558 1093/1297/1574 1078/1330/1607
f 571/756/1028 575/758/1620 1073/1275/1551 1070/1274/1550
f 575/758/1620 573/1350/1621 602/1279/1556 1073/1275/1551
f 1117/1349/1619 1089/1287/1564 1077/1290/1567 1118/1351/1622
f 1122/1352/1623 1086/1303/1580 1080/1306/1583 1123/1348/1618
f 1125/1353/1624 1084/1318/1595 1109/1335/1612 1126/1354/1625
f 1124/1347/1617 1112/1315/1592 1084/1318/1595 1125/1353/1624
f 1121/1355/1626 1097/1324/1601 1086/1303/1580 1122/1352/1623
f 1118/1351/1622 1077/1290/1567 1092/1293/1570 1119/1356/1627
f 1126/1354/1625 1109/1335/1612 1095/1336/1613 1127/1340/1615
f 1120/1357/1628 1062/1296/1573 1097/1324/1601 1121/1355/1626
f 1110/1328/1605 592/734/1013 502/768/757 501/1358/887
f 583/769/1039 584/1818/1040 1117/1349/1619 1118/1351/1622
f 585/771/1041 583/769/1039 1118/1351/1622 1119/1356/1627
f 1119/1356/1627 1092/1293/1570 1062/1296/1573 1120/1357/1628
f 587/772/1042 590/773/1043 1121/1355/1626 1122/1352/1623
f 586/774/1044 587/772/1042 1122/1352/1623 1123/1348/1618
f 1124/1347/1617 594/775/1045 586/774/1044 1123/1348/1618
f 589/776/1046 594/775/1045 1124/1347/1617 1125/1353/1624
f 588/777/1047 589/776/1046 1125/1353/1624 1126/1354/1625
f 591/778/1048 588/777/1047 1126/1354/1625 1127/1340/1615
f 509/1339/888 508/779/763 591/778/1048 1127/1340/1615
f 568/780/1049 585/771/1041 1119/1356/1627 1120/1357/1628
f 590/773/1043 568/780/1049 1120/1357/1628 1121/1355/1626
f 584/770/1040 571/756/1028 1117/1819/1619
f 500/1341/886 1094/1333/1610 1110/1328/1605 501/1358/887
s 90
f 1265/1359/1629 1010/1360/1630 1266/1361/1631
f 1131/1362/1632 1014/1363/1633 1015/1364/1634 1288/1365/1635
f 1129/1366/1636 1261/1367/1637 1144/1368/1638
f 1131/1369/1632 1134/1370/1639 1014/1371/1640
f 1011/1372/1641 1012/1373/1642 1135/1374/1643 1267/1375/1644
f 1014/1371/1640 1134/1370/1639 1136/1376/1645 1013/1377/1646
f 1012/1378/1647 1013/1377/1646 1136/1376/1645 1263/1379/1648
f 1269/1380/1649 1136/1376/1645 1134/1370/1639 1270/1381/1650
f 1267/1382/1644 1135/1383/1643 1263/1379/1648 1268/1384/1651
f 1017/1385/1652 1018/1386/1653 1144/1368/1638
f 1019/1387/1654 1145/1388/1655 1018/1386/1653
f 1010/1360/1656 1265/1359/1629 1264/1389/1657
f 1266/1361/1631 1010/1360/1630 1011/1372/1641 1267/1375/1644
f 1138/1390/1658 1129/1366/1636 1144/1368/1638 1145/1388/1655
f 1146/1391/1659 1137/1392/1660 1138/1390/1658 1145/1388/1655
f 1139/1393/1661 1137/1392/1660 1146/1391/1659 1147/1394/1662
f 1017/1385/1652 1144/1368/1638 1128/1395/1663 1016/1396/1664
f 1141/1397/1665 1149/1398/1666 1150/1399/1667 1138/1390/1658
f 1138/1390/1658 1150/1399/1667 1151/1400/1668 1129/1366/1636
f 1148/1401/1669 1132/1402/1670 1261/1367/1637
f 1296/1403/1671 1303/1404/1672 1149/1398/1666 1141/1397/1665
f 1149/1398/1666 1153/1405/1673 1154/1406/1674 1150/1399/1667
f 1150/1399/1667 1154/1406/1674 1155/1407/1675 1151/1400/1668
f 1151/1400/1668 1155/1407/1675 1152/1408/1676 1148/1401/1669
f 1303/1404/1672 1156/1409/1677 1153/1405/1673 1149/1398/1666
f 1148/1401/1669 1262/1410/1678 1132/1402/1670
f 1142/1411/1679 1159/1412/1680 1160/1413/1681 1137/1392/1660
f 1137/1392/1660 1160/1413/1681 1161/1414/1682 1138/1390/1658
f 1138/1390/1658 1161/1414/1682 1158/1415/1683 1141/1397/1665
f 1297/1416/1684 1299/1417/1685 1159/1412/1680 1142/1411/1679
f 1141/1397/1665 1158/1415/1683 1304/1418/1686 1296/1403/1671
f 1159/1412/1680 1163/1419/1687 1164/1420/1688 1160/1413/1681
f 1160/1413/1681 1164/1420/1688 1165/1421/1689 1161/1414/1682
f 1161/1414/1682 1165/1421/1689 1162/1422/1690 1158/1415/1683
f 1299/1417/1685 1166/1423/1691 1163/1419/1687 1159/1412/1680
f 1158/1415/1683 1162/1422/1690 1167/1424/1692 1304/1418/1686
f 1143/1425/1693 1169/1426/1694 1170/1427/1695 1139/1393/1661
f 1139/1393/1661 1170/1427/1695 1171/1428/1696 1137/1392/1660
f 1137/1392/1660 1171/1428/1696 1168/1429/1697 1142/1411/1679
f 1298/1430/1698 1301/1431/1699 1169/1426/1694 1143/1425/1693
f 1142/1411/1679 1168/1429/1697 1300/1432/1700 1297/1416/1684
f 1169/1426/1694 1173/1433/1701 1174/1434/1702 1170/1427/1695
f 1170/1427/1695 1174/1434/1702 1175/1435/1703 1171/1428/1696
f 1171/1428/1696 1175/1435/1703 1172/1436/1704 1168/1429/1697
f 1301/1431/1699 1176/1437/1705 1173/1433/1701 1169/1426/1694
f 1168/1429/1697 1172/1436/1704 1177/1438/1706 1300/1432/1700
f 1140/1439/1707 1179/1440/1708 1180/1441/1709 1130/1442/1710
f 1130/1442/1710 1180/1441/1709 1181/1443/1711 1139/1393/1661
f 1139/1393/1661 1181/1443/1711 1178/1444/1712 1143/1425/1693
f 1143/1425/1693 1178/1444/1712 1302/1445/1713 1298/1430/1698
f 1179/1440/1708 1184/1446/1714 1185/1447/1715 1180/1441/1709
f 1180/1441/1709 1185/1447/1715 1186/1448/1716 1181/1443/1711
f 1181/1443/1711 1186/1448/1716 1183/1449/1717 1178/1444/1712
f 1182/1450/1718 1188/1451/1719 1184/1446/1714 1179/1440/1708
f 1178/1444/1712 1183/1449/1717 1187/1452/1720 1302/1445/1713
f 1153/1405/1673 1190/1453/1721 1191/1454/1722 1154/1406/1674
f 1154/1406/1674 1191/1454/1722 1192/1455/1723 1155/1407/1675
f 1155/1407/1675 1192/1455/1723 1189/1456/1724 1152/1408/1676
f 1156/1409/1677 1193/1457/1725 1190/1453/1721 1153/1405/1673
f 1152/1408/1676 1189/1456/1724 1194/1458/1726 1157/1459/1727
f 1157/1460/1727 1194/1461/1726 1193/1462/1725 1156/1463/1677
f 1163/1419/1687 1196/1464/1728 1197/1465/1729 1164/1420/1688
f 1164/1420/1688 1197/1465/1729 1198/1466/1730 1165/1421/1689
f 1165/1421/1689 1198/1466/1730 1195/1467/1731 1162/1422/1690
f 1166/1423/1691 1199/1468/1732 1196/1464/1728 1163/1419/1687
f 1162/1422/1690 1195/1467/1731 1200/1469/1733 1167/1424/1692
f 1167/1470/1692 1200/1471/1733 1199/1472/1732 1166/1473/1691
f 1173/1433/1701 1202/1474/1734 1203/1475/1735 1174/1434/1702
f 1174/1434/1702 1203/1475/1735 1204/1476/1736 1175/1435/1703
f 1175/1435/1703 1204/1476/1736 1201/1477/1737 1172/1436/1704
f 1176/1437/1705 1205/1478/1738 1202/1474/1734 1173/1433/1701
f 1172/1436/1704 1201/1477/1737 1206/1479/1739 1177/1438/1706
f 1177/1480/1706 1206/1481/1739 1205/1482/1738 1176/1483/1705
f 1184/1446/1714 1208/1484/1740 1209/1485/1741 1185/1447/1715
f 1185/1447/1715 1209/1485/1741 1210/1486/1742 1186/1448/1716
f 1186/1448/1716 1210/1486/1742 1207/1487/1743 1183/1449/1717
f 1187/1488/1720 1211/1489/1744 1212/1490/1745 1188/1491/1719
f 1188/1451/1719 1212/1492/1745 1208/1484/1740 1184/1446/1714
f 1183/1449/1717 1207/1487/1743 1211/1493/1744 1187/1452/1720
f 1213/1494/1746 1221/1495/1747 1222/1496/1748 1214/1497/1749
f 1214/1497/1749 1215/1498/1750 1216/1499/1751 1213/1494/1746
f 1215/1498/1750 1217/1500/1752 1218/1501/1753 1216/1499/1751
f 1217/1500/1752 1219/1502/1754 1220/1503/1755 1218/1501/1753
f 1219/1502/1754 1223/1504/1756 1224/1505/1757 1220/1503/1755
f 1221/1506/1747 1224/1507/1757 1223/1508/1756 1222/1509/1748
f 1219/1502/1754 1217/1500/1752 1215/1498/1750 1214/1497/1749
f 1222/1496/1748 1223/1504/1756 1219/1502/1754 1214/1497/1749
f 1190/1453/1721 1213/1494/1746 1216/1499/1751 1191/1454/1722
f 1191/1454/1722 1216/1499/1751 1218/1501/1753 1192/1455/1723
f 1192/1455/1723 1218/1501/1753 1220/1503/1755 1189/1456/1724
f 1193/1457/1725 1221/1495/1747 1213/1494/1746 1190/1453/1721
f 1189/1456/1724 1220/1503/1755 1224/1505/1757 1194/1458/1726
f 1194/1461/1726 1224/1507/1757 1221/1506/1747 1193/1462/1725
f 1225/1510/1758 1233/1511/1759 1234/1512/1760 1226/1513/1761
f 1226/1513/1761 1227/1514/1762 1228/1515/1763 1225/1510/1758
f 1227/1514/1762 1229/1516/1764 1230/1517/1765 1228/1515/1763
f 1229/1516/1764 1231/1518/1766 1232/1519/1767 1230/1517/1765
f 1231/1518/1766 1235/1520/1768 1236/1521/1769 1232/1519/1767
f 1233/1522/1759 1236/1523/1769 1235/1524/1768 1234/1525/1760
f 1231/1518/1766 1229/1516/1764 1227/1514/1762 1226/1513/1761
f 1234/1512/1760 1235/1520/1768 1231/1518/1766 1226/1513/1761
f 1196/1464/1728 1225/1510/1758 1228/1515/1763 1197/1465/1729
f 1197/1465/1729 1228/1515/1763 1230/1517/1765 1198/1466/1730
f 1198/1466/1730 1230/1517/1765 1232/1519/1767 1195/1467/1731
f 1199/1468/1732 1233/1511/1759 1225/1510/1758 1196/1464/1728
f 1195/1467/1731 1232/1519/1767 1236/1521/1769 1200/1469/1733
f 1200/1471/1733 1236/1523/1769 1233/1522/1759 1199/1472/1732
f 1237/1526/1770 1245/1527/1771 1246/1528/1772 1238/1529/1773
f 1238/1529/1773 1239/1530/1774 1240/1531/1775 1237/1526/1770
f 1239/1530/1774 1241/1532/1776 1242/1533/1777 1240/1531/1775
f 1241/1532/1776 1243/1534/1778 1244/1535/1779 1242/1533/1777
f 1243/1534/1778 1247/1536/1780 1248/1537/1781 1244/1535/1779
f 1245/1538/1771 1248/1539/1781 1247/1540/1780 1246/1541/1772
f 1243/1534/1778 1241/1532/1776 1239/1530/1774 1238/1529/1773
f 1246/1528/1772 1247/1536/1780 1243/1534/1778 1238/1529/1773
f 1202/1474/1734 1237/1526/1770 1240/1531/1775 1203/1475/1735
f 1203/1475/1735 1240/1531/1775 1242/1533/1777 1204/1476/1736
f 1204/1476/1736 1242/1533/1777 1244/1535/1779 1201/1477/1737
f 1205/1478/1738 1245/1527/1771 1237/1526/1770 1202/1474/1734
f 1201/1477/1737 1244/1535/1779 1248/1537/1781 1206/1479/1739
f 1206/1481/1739 1248/1539/1781 1245/1538/1771 1205/1482/1738
f 1249/1542/1782 1260/1543/1783 1259/1544/1784 1250/1545/1785
f 1250/1545/1785 1251/1546/1786 1252/1547/1787 1249/1542/1782
f 1251/1546/1786 1253/1548/1788 1254/1549/1789 1252/1547/1787
f 1253/1548/1788 1255/1550/1790 1256/1551/1791 1254/1549/1789
f 1255/1550/1790 1258/1552/1792 1257/1553/1793 1256/1551/1791
f 1258/1554/1792 1259/1555/1784 1260/1556/1783 1257/1557/1793
f 1255/1550/1790 1253/1548/1788 1251/1546/1786 1250/1545/1785
f 1258/1552/1792 1255/1550/1790 1250/1545/1785 1259/1544/1784
f 1208/1484/1740 1249/1542/1782 1252/1547/1787 1209/1485/1741
f 1209/1485/1741 1252/1547/1787 1254/1549/1789 1210/1486/1742
f 1210/1486/1742 1254/1549/1789 1256/1551/1791 1207/1487/1743
f 1211/1489/1744 1257/1557/1793 1260/1556/1783 1212/1490/1745
f 1212/1492/1745 1260/1543/1783 1249/1542/1782 1208/1484/1740
f 1207/1487/1743 1256/1551/1791 1257/1553/1793 1211/1493/1744
f 1148/1401/1669 1152/1408/1676 1157/1459/1727 1262/1410/1678
f 1129/1366/1636 1151/1400/1668 1148/1401/1669 1261/1367/1637
f 1133/1558/1794 1267/1382/1644 1268/1384/1651 1298/1559/1698
f 1268/1384/1651 1263/1379/1648 1136/1376/1645 1269/1380/1649
f 1140/1439/1707 1130/1442/1710 1265/1359/1629
f 1133/1560/1794 1140/1439/1707 1266/1361/1631 1267/1375/1644
f 1271/1561/1795 1132/1562/1670 1296/1563/1671 1270/1381/1650
f 1131/1369/1632 1271/1561/1795 1270/1381/1650 1134/1370/1639
f 1146/1391/1659 1019/1387/1654 1147/1394/1662
f 1147/1394/1662 1019/1387/1654 1010/1360/1656
f 1271/1564/1795 1261/1367/1637 1132/1402/1670
f 1289/1565/1796 1274/1566/1797 1272/1567/1798 1290/1568/1799
f 1144/1368/1638 1018/1386/1653 1145/1388/1655
f 1145/1388/1655 1019/1387/1654 1146/1391/1659
f 1264/1389/1657 1147/1394/1662 1010/1360/1656
f 1133/1560/1794 1182/1450/1718 1179/1440/1708 1140/1439/1707
f 1265/1359/1629 1130/1442/1710 1264/1389/1657
f 1265/1359/1629 1266/1361/1631 1140/1439/1707
f 1298/1559/1698 1268/1384/1651 1269/1380/1649 1297/1569/1684
f 1297/1569/1684 1269/1380/1649 1270/1381/1650 1296/1563/1671
f 1293/1570/1800 1286/1571/1801 1284/1572/1802 1294/1573/1803
f 1144/1368/1638 1272/1567/1798 1274/1566/1797 1128/1395/1663
f 1128/1395/1663 1274/1566/1797 1289/1565/1796 1288/1365/1635
f 1131/1369/1632 1275/1574/1804 1273/1575/1805 1271/1561/1795
f 1261/1367/1637 1276/1576/1806 1144/1368/1638
f 1144/1368/1638 1276/1576/1806 1272/1567/1798
f 1272/1567/1798 1278/1577/1807 1291/1578/1808 1290/1568/1799
f 1273/1575/1805 1279/1579/1809 1277/1580/1810 1271/1561/1795
f 1295/1581/1811 1280/1582/1812 1276/1576/1806 1261/1367/1637
f 1276/1576/1806 1280/1582/1812 1282/1583/1813 1278/1577/1807
f 1278/1577/1807 1282/1583/1813 1292/1584/1814 1291/1578/1808
f 1279/1579/1809 1283/1585/1815 1281/1586/1816 1277/1580/1810
f 1294/1573/1803 1284/1572/1802 1280/1582/1812 1295/1581/1811
f 1280/1582/1812 1284/1572/1802 1286/1571/1801 1282/1583/1813
f 1282/1583/1813 1286/1571/1801 1293/1570/1800 1292/1584/1814
f 1283/1585/1815 1287/1587/1817 1285/1588/1818 1281/1586/1816
f 1289/1565/1796 1275/1589/1804 1131/1362/1632 1288/1365/1635
f 1273/1590/1805 1275/1589/1804 1289/1565/1796 1290/1568/1799
f 1291/1578/1808 1279/1591/1809 1273/1590/1805 1290/1568/1799
f 1292/1584/1814 1283/1592/1815 1279/1591/1809 1291/1578/1808
f 1293/1570/1800 1287/1593/1817 1283/1592/1815 1292/1584/1814
f 1285/1594/1818 1287/1593/1817 1293/1570/1800 1294/1573/1803
f 1281/1595/1816 1285/1594/1818 1294/1573/1803 1295/1581/1811
f 1277/1596/1810 1281/1595/1816 1295/1581/1811 1261/1367/1637
f 1271/1564/1795 1277/1596/1810 1261/1367/1637
f 1276/1576/1806 1278/1577/1807 1272/1567/1798
f 1012/1378/1647 1263/1379/1648 1135/1383/1643
f 1264/1389/1657 1130/1442/1710 1139/1393/1661 1147/1394/1662
f 1188/1491/1719 1182/1597/1718 1302/1598/1713 1187/1488/1720
f 1156/1463/1677 1303/1599/1672 1262/1600/1678 1157/1460/1727
f 1166/1473/1691 1299/1601/1685 1304/1602/1686 1167/1470/1692
f 1176/1483/1705 1301/1603/1699 1300/1604/1700 1177/1480/1706
f 1182/1597/1718 1133/1558/1794 1298/1559/1698 1302/1598/1713
f 1301/1603/1699 1298/1559/1698 1297/1569/1684 1300/1604/1700
f 1299/1601/1685 1297/1569/1684 1296/1563/1671 1304/1602/1686
f 1303/1599/1672 1296/1563/1671 1132/1562/1670 1262/1600/1678
f 1015/1364/1634 1016/1396/1819 1128/1395/1663 1288/1365/1635
s 105
f 1324/1605/1820 1327/1606/1821 1326/1607/1822 1325/1608/1823
f 1327/1606/1821 1329/1609/1824 1328/1610/1825 1326/1607/1822
f 1330/1611/1826 1333/1612/1827 1332/1613/1828 1331/1614/1829
f 1333/1612/1827 1335/1615/1830 1334/1616/1831 1332/1613/1828
f 1335/1615/1830 1337/1617/1832 1336/1618/1833 1334/1616/1831
f 1337/1617/1832 1339/1619/1834 1338/1620/1835 1336/1618/1833
f 1339/1621/1834 1341/1622/1836 1340/1623/1837 1338/1624/1835
f 1341/1622/1836 1343/1625/1838 1342/1626/1839 1340/1623/1837
f 1344/1627/1840 1347/1628/1841 1346/1629/1842 1345/1630/1843
f 1347/1628/1841 1349/1631/1844 1348/1632/1845 1346/1629/1842
f 1349/1631/1844 1351/1633/1846 1350/1634/1847 1348/1632/1845
f 1351/1633/1846 1353/1635/1848 1352/1636/1849 1350/1634/1847
f 1353/1635/1848 1355/1637/1850 1354/1638/1851 1352/1636/1849
f 1355/1637/1850 1357/1639/1852 1356/1640/1853 1354/1638/1851
f 1357/1641/1852 1359/1642/1854 1358/1643/1855 1356/1644/1853
f 1359/1642/1854 1344/1627/1840 1345/1630/1843 1358/1643/1855
s 108
f 1360/1645/1856 1363/1646/1857 1362/1647/1858 1361/1648/1859
f 1361/1648/1859 1362/1647/1858 1365/1649/1860 1364/1650/1861
f 1364/1650/1861 1365/1649/1860 1367/1651/1862 1366/1652/1863
f 1366/1652/1863 1367/1651/1862 1369/1653/1864 1368/1654/1865
f 1368/1654/1865 1369/1653/1864 1371/1655/1866 1370/1656/1867
f 1370/1656/1867 1371/1655/1866 1373/1657/1868 1372/1658/1869
f 1372/1659/1869 1373/1660/1868 1375/1661/1870 1374/1662/1871
f 1374/1662/1871 1375/1661/1870 1363/1646/1857 1360/1645/1856
s 105
f 1325/1608/1823 1326/1607/1822 1377/1663/1872 1376/1664/1873
f 1326/1607/1822 1328/1610/1825 1378/1665/1874 1377/1663/1872
f 1331/1614/1829 1332/1613/1828 1351/1633/1846 1349/1631/1844
f 1332/1613/1828 1334/1616/1831 1353/1635/1848 1351/1633/1846
f 1334/1616/1831 1336/1618/1833 1355/1637/1850 1353/1635/1848
f 1336/1618/1833 1338/1620/1835 1357/1639/1852 1355/1637/1850
f 1338/1624/1835 1340/1623/1837 1359/1642/1854 1357/1641/1852
f 1340/1623/1837 1342/1626/1839 1344/1627/1840 1359/1642/1854
s 109
f 1309/1666/1875 1308/1667/1876 1317/1668/1877
f 1319/1669/1878 1318/1670/1879 1307/1671/1880 1306/1672/1881
s 105
f 1379/1673/1882 1380/1674/1883 1324/1605/1820 1325/1608/1823
f 1381/1675/1884 1382/1676/1885 1328/1610/1825 1329/1609/1824
f 1383/1677/1886 1384/1678/1887 1376/1664/1873 1377/1663/1872
f 1384/1678/1887 1379/1673/1882 1325/1608/1823 1376/1664/1873
f 1382/1676/1885 1385/1679/1888 1378/1665/1874 1328/1610/1825
f 1385/1679/1888 1383/1677/1886 1377/1663/1872 1378/1665/1874
f 1386/1680/1889 1330/1611/1826 1331/1614/1829 1387/1681/1890
f 1388/1682/1891 1385/1679/1888 1382/1676/1885 1387/1681/1890
f 1389/1683/1892 1383/1677/1886 1385/1679/1888 1388/1682/1891
f 1390/1684/1893 1384/1678/1887 1383/1677/1886 1389/1683/1892
f 1391/1685/1894 1379/1673/1882 1384/1678/1887 1390/1684/1893
f 1392/1686/1895 1380/1674/1883 1379/1673/1882 1391/1685/1894
f 1345/1630/1843 1346/1629/1842 1394/1687/1896 1393/1688/1897
f 1354/1638/1851 1356/1640/1853 1396/1689/1898 1395/1690/1899
f 1352/1636/1849 1354/1638/1851 1395/1690/1899 1397/1691/1900
f 1350/1634/1847 1352/1636/1849 1397/1691/1900 1398/1692/1901
f 1348/1632/1845 1350/1634/1847 1398/1692/1901 1399/1693/1902
f 1346/1629/1842 1348/1632/1845 1399/1693/1902 1394/1687/1896
f 1394/1687/1903 1362/1647/1904 1363/1646/1905 1393/1688/1897
f 1399/1693/1906 1365/1649/1907 1362/1647/1904 1394/1687/1903
f 1398/1692/1908 1367/1651/1909 1365/1649/1907 1399/1693/1906
f 1397/1691/1910 1369/1653/1911 1367/1651/1909 1398/1692/1908
f 1395/1690/1912 1371/1655/1913 1369/1653/1911 1397/1691/1910
f 1396/1689/1898 1373/1657/1914 1371/1655/1913 1395/1690/1912
f 1396/1694/1898 1400/1695/1915 1375/1661/1916 1373/1660/1914
f 1375/1661/1916 1400/1695/1915 1393/1688/1897 1363/1646/1905
s 108
f 1401/1696/1917 1402/1697/1918 1361/1648/1859 1364/1650/1861
f 1403/1698/1919 1401/1696/1917 1364/1650/1861 1366/1652/1863
f 1404/1699/1920 1403/1698/1919 1366/1652/1863 1368/1654/1865
f 1405/1700/1921 1404/1699/1920 1368/1654/1865 1370/1656/1867
f 1406/1701/1922 1405/1700/1921 1370/1656/1867 1372/1658/1869
f 1407/1702/1923 1406/1703/1922 1372/1659/1869 1374/1662/1871
f 1408/1704/1924 1407/1702/1923 1374/1662/1871 1360/1645/1856
f 1402/1697/1918 1408/1704/1924 1360/1645/1856 1361/1648/1859
s 105
f 1358/1643/1855 1345/1630/1843 1393/1688/1897 1400/1695/1915
f 1356/1644/1853 1358/1643/1855 1400/1695/1915 1396/1694/1898
s 112
f 1402/1697/1925 1410/1705/1926 1409/1706/1927 1408/1704/1928
f 1401/1696/1929 1411/1707/1930 1410/1705/1926 1402/1697/1925
f 1403/1698/1931 1412/1708/1932 1411/1707/1930 1401/1696/1929
f 1404/1699/1933 1413/1709/1934 1412/1708/1932 1403/1698/1931
f 1405/1700/1935 1414/1710/1936 1413/1709/1934 1404/1699/1933
f 1406/1701/1937 1415/1711/1938 1414/1710/1936 1405/1700/1935
f 1407/1702/1939 1416/1712/1940 1415/1713/1938 1406/1703/1937
f 1408/1704/1928 1409/1706/1927 1416/1712/1940 1407/1702/1939
s 109
f 1309/1666/1875 1317/1668/1877 1310/1714/1941
f 1318/1670/1879 1319/1669/1878 1305/1715/1942 1311/1716/1943
f 1318/1670/1879 1317/1668/1877 1308/1667/1876 1307/1671/1880
f 1310/1714/1941 1317/1668/1877 1318/1670/1879 1311/1716/1943
f 1319/1669/1878 1321/1717/1944 1320/1718/1945 1305/1715/1942
f 1321/1717/1944 1319/1669/1878 1306/1672/1881 1322/1719/1946
f 1321/1717/1944 1323/1720/1947 1315/1721/1948 1320/1718/1945
f 1316/1722/1949 1323/1720/1947 1321/1717/1944 1322/1719/1946
s 105
f 1344/1627/1840 1342/1626/1839 1391/1685/1894 1390/1684/1893
f 1347/1628/1841 1344/1627/1840 1390/1684/1893 1389/1683/1892
f 1349/1631/1844 1347/1628/1841 1389/1683/1892 1388/1682/1891
f 1331/1614/1829 1349/1631/1844 1388/1682/1891 1387/1681/1890
f 1381/1675/1884 1386/1680/1889 1387/1681/1890 1382/1676/1885
s 109
f 1323/1720/1947 1313/1723/1950 1312/1724/1951 1315/1721/1948
f 1316/1722/1949 1314/1725/1952 1313/1723/1950 1323/1720/1947
s 105
f 1342/1626/1839 1343/1625/1838 1392/1686/1895 1391/1685/1894
s off
f 1313//1953 1327//1954 1324//1955 1312//1956
f 1314//1957 1329//1958 1327//1959 1313//1960
f 1307//1961 1333//1962 1330//1963 1306//1964
f 1308//1965 1335//1966 1333//1967 1307//1968
f 1309//1969 1337//1970 1335//1971 1308//1972
f 1310//1973 1339//1974 1337//1975 1309//1976
f 1311//1977 1341//1978 1339//1979 1310//1980
f 1305//1981 1343//1982 1341//1983 1311//1984
f 1312//1985 1324//1986 1380//1987 1315//1988
f 1316//1989 1381//1990 1329//1991 1314//1992
f 1306//1993 1330//1994 1386//1995 1322//1996
f 1315//1997 1380//1998 1392//1999 1320//2000
f 1322//2001 1386//2002 1381//2003 1316//2004
f 1320//2005 1392//2006 1343//2007 1305//2008
s 76
f 1418/1726/2009 1420/1727/2010 1419/1728/2011 1417/1729/2012
f 1425/1730/2013 1460/1731/2014 965/1732/1436 959/1733/1435
f 1457/1734/2015 1458/1735/2016 1418/1726/2009 1417/1729/2012
f 1458/1735/2016 1459/1736/2017 1423/1737/2018 1418/1726/2009
f 1423/1737/2018 1459/1736/2017 1460/1731/2014 1425/1730/2013
f 1410/1738/2019 1411/1739/2020 1427/1740/2021 1426/1741/2022
f 1411/1739/2020 1412/1742/2023 1428/1743/2024 1427/1740/2021
f 1412/1742/2023 1413/1744/2025 1429/1745/2026 1428/1743/2024
f 1413/1746/2025 1414/1747/2027 1430/1748/2028 1429/1749/2026
f 1414/1747/2027 1415/1750/2029 1431/1751/2030 1430/1748/2028
f 1415/1750/2029 1416/1752/2031 1432/1753/2032 1431/1751/2030
f 1416/1752/2031 1409/1754/2033 1433/1755/2034 1432/1753/2032
f 1409/1754/2033 1410/1738/2019 1426/1741/2022 1433/1755/2034
f 1448/1756/2035 1434/1757/2036 1419/1728/2011 1449/1758/2037
f 1455/1759/2038 1435/1760/2039 1434/1757/2036 1448/1756/2035
f 1454/1761/2040 1436/1762/2041 1435/1760/2039 1455/1759/2038
f 1453/1763/2042 1437/1764/2043 1436/1765/2041 1454/1766/2040
f 1452/1767/2044 1438/1768/2045 1437/1764/2043 1453/1763/2042
f 1451/1769/2046 1439/1770/2047 1438/1768/2045 1452/1767/2044
f 1450/1771/2048 1420/1727/2010 1439/1770/2047 1451/1769/2046
f 1419/1728/2011 1420/1727/2010 1450/1771/2048 1449/1758/2037
f 1426/1741/2022 1427/1740/2021 1441/1772/2049 1440/1773/2050
f 1427/1740/2021 1428/1743/2024 1442/1774/2051 1441/1772/2049
f 1428/1743/2024 1429/1745/2026 1443/1775/2052 1442/1774/2051
f 1429/1749/2026 1430/1748/2028 1444/1776/2053 1443/1777/2052
f 1430/1748/2028 1431/1751/2030 1445/1778/2054 1444/1776/2053
f 1431/1751/2030 1432/1753/2032 1446/1779/2055 1445/1778/2054
f 1432/1753/2032 1433/1755/2034 1447/1780/2056 1446/1779/2055
f 1433/1755/2034 1426/1741/2022 1440/1773/2050 1447/1780/2056
f 1440/1773/2050 1441/1772/2049 1448/1756/2035 1449/1758/2037
f 1447/1780/2056 1440/1773/2050 1449/1758/2037 1450/1771/2048
f 1446/1779/2055 1447/1780/2056 1450/1771/2048 1451/1769/2046
f 1445/1778/2054 1446/1779/2055 1451/1769/2046 1452/1767/2044
f 1444/1776/2053 1445/1778/2054 1452/1767/2044 1453/1763/2042
f 1443/1777/2052 1444/1776/2053 1453/1763/2042 1454/1766/2040
f 1442/1774/2051 1443/1775/2052 1454/1761/2040 1455/1759/2038
f 1441/1772/2049 1442/1774/2051 1455/1759/2038 1448/1756/2035
f 1425/1730/2013 1438/1768/2045 1439/1770/2047 1423/1737/2018
f 1423/1737/2018 1439/1770/2047 1420/1727/2010 1418/1726/2057
f 1425/1730/2013 959/1733/1435 964/1781/1481 1437/1764/2043
f 1425/1730/2013 1437/1764/2043 1438/1768/2045
f 962/1782/2058 1435/1760/2059 1436/1762/2060 963/1783/2061
f 963/1783/2061 1436/1762/2060 967/1784/2062
f 1436/1765/2060 1437/1764/2043 967/1785/2062
f 1437/1764/2043 964/1781/1481 967/1785/2062
f 1434/1757/2036 1435/1760/2039 962/1782/1488 1461/1786/2063
f 961/1787/1489 1462/1788/2064 1456/1789/2065 966/1790/1490
f 1421/1791/2066 1422/1792/2067 1458/1735/2016 1457/1734/2015
f 1422/1792/2067 1424/1793/2068 1459/1736/2017 1458/1735/2016
f 1460/1731/2014 1459/1736/2017 1424/1793/2068 960/1794/1496
f 965/1732/1436 1460/1731/2014 960/1794/1496
f 1456/1789/2065 1461/1786/2063 962/1782/1488 966/1790/1490
f 1417/1729/2012 1419/1728/2011 1434/1757/2036 1461/1786/2063
f 1417/1729/2012 1461/1786/2063 1456/1789/2065 1457/1734/2015
f 1457/1734/2015 1456/1789/2065 1462/1788/2064 1421/1791/2066
